,Nombre,Pais,Victorias,Derrotas,Altura,Peso,Alcance,Guardia,Edad,Golpes_min,Golpes_acer,Golpes_abs,Golpes_def,Derribos_med,Derribos_acer,Derribos_def,Sumision_int
0,Amanda Ribas,Brasil,12.0,5.0,160.02,56.7,167.64,Ortodoxo,30.0,4.63,0.4,3.4,0.61,2.07,0.51,0.85,0.7
1,Rose Namajunas,Estados Unidos,13.0,6.0,165.1,56.7,165.1,Ortodoxo,31.0,3.69,0.41,3.51,0.63,1.38,0.47,0.59,0.5
2,Justin Tafa,Nueva Zelanda,7.0,4.0,182.88,119.75,187.96,Zurdo,30.0,4.09,0.54,5.02,0.47,0.0,0.0,0.5,0.0
3,Edmen Shahbazyan,Estados Unidos,13.0,4.0,187.96,83.91,190.5,Ortodoxo,26.0,3.6,0.52,4.09,0.45,2.24,0.38,0.63,0.6
4,Payton Talbott,Estados Unidos,8.0,0.0,177.8,61.23,177.8,Ambidiestro,25.0,8.05,0.54,3.58,0.51,0.0,0.0,0.9,0.5
5,Cameron Saaiman,Sudáfrica,9.0,2.0,172.72,61.23,170.18,Zurdo,23.0,5.32,0.46,4.18,0.51,0.91,0.28,0.47,0.7
6,Billy Quarantillo,Estados Unidos,18.0,6.0,177.8,65.77,177.8,Ortodoxo,35.0,7.36,0.56,5.57,0.43,1.24,0.23,0.61,1.1
7,Youssef Zalal,Marruecos,14.0,5.0,177.8,65.77,182.88,Ambidiestro,27.0,2.88,0.49,1.73,0.65,2.28,0.34,0.6,1.3
8,Fernando Padilla,México,16.0,5.0,185.42,65.77,193.04,Ortodoxo,27.0,6.48,0.42,5.25,0.53,0.0,0.0,1.0,0.8
9,Ricardo Ramos,Brasil,16.0,6.0,175.26,65.77,182.88,Ortodoxo,28.0,3.21,0.37,3.74,0.57,3.02,0.6,0.72,0.7
10,Julian Erosa,Estados Unidos,29.0,12.0,185.42,65.77,187.96,Zurdo,34.0,6.14,0.48,6.29,0.47,1.63,0.46,0.58,0.8
11,Miles Johns,Estados Unidos,14.0,2.0,170.18,61.23,167.64,Ortodoxo,29.0,3.28,0.47,2.55,0.68,1.15,0.22,0.85,0.0
12,Montserrat Rendon,México,6.0,1.0,172.72,61.23,172.72,Ortodoxo,35.0,3.13,0.28,3.9,0.54,3.0,0.54,1.0,0.0
13,Mick Parkin,Australia,9.0,0.0,193.04,120.2,200.66,Ortodoxo,28.0,4.54,0.51,3.94,0.59,1.6,0.41,0.5,0.3
14,Tai Tuivasa,Polonia,15.0,7.0,187.96,119.75,190.5,Zurdo,31.0,3.96,0.49,5.05,0.43,0.0,0.0,0.57,0.0
15,Marcin Tybura,Estados Unidos,25.0,8.0,190.5,112.94,198.12,Ortodoxo,38.0,3.6,0.48,3.35,0.55,1.43,0.33,0.79,0.1
16,Ovince Saint Preux,Nigeria,27.0,17.0,190.5,92.99,203.2,Zurdo,40.0,3.03,0.47,3.32,0.47,1.1,0.36,0.67,0.5
17,Isaac Dulgarian,Suecia,6.0,1.0,170.18,65.77,180.34,Ortodoxo,27.0,2.88,0.58,2.53,0.39,6.06,0.47,0.0,1.5
18,Pannie Kianzad,Estados Unidos,17.0,8.0,170.18,61.23,167.64,Ortodoxo,32.0,4.74,0.49,3.67,0.53,0.46,0.33,0.66,0.1
19,Macy Chiasson,Estados Unidos,10.0,3.0,180.34,61.23,182.88,Ortodoxo,32.0,3.53,0.44,2.53,0.46,2.38,0.37,0.62,0.5
20,Gerald Meerschaert,Estados Unidos,36.0,17.0,185.42,83.91,195.58,Zurdo,36.0,3.18,0.45,3.37,0.53,2.17,0.38,0.34,1.6
21,Bryan Barberena,Israel,18.0,12.0,182.88,83.91,182.88,Zurdo,34.0,5.35,0.48,4.59,0.44,0.13,0.22,0.5,0.3
22,Josiane Nunes,Estados Unidos,10.0,2.0,157.48,61.23,170.18,Zurdo,30.0,5.99,0.44,5.25,0.53,0.0,0.0,0.58,0.0
23,Jaqueline Amorim,Gales,8.0,1.0,160.02,52.16,172.72,Ortodoxo,28.0,3.33,0.52,1.85,0.62,1.48,0.23,0.0,5.4
24,Sean O'Malley,Ecuador,18.0,1.0,180.34,61.23,182.88,Ambidiestro,29.0,7.63,0.61,3.52,0.62,0.35,0.42,0.62,0.3
25,Marlon Vera,Estados Unidos,23.0,9.0,172.72,61.23,177.8,Ambidiestro,31.0,4.31,0.49,5.48,0.5,0.53,0.39,0.7,0.9
26,Benoit Saint Denis,Estados Unidos,13.0,2.0,180.34,70.31,185.42,Zurdo,28.0,5.7,0.54,4.98,0.42,4.76,0.37,0.69,1.5
27,Kevin Holland,Inglaterra,25.0,11.0,190.5,77.11,205.74,Ortodoxo,31.0,4.24,0.49,3.19,0.5,0.85,0.38,0.54,0.6
28,Michael Page,Brasil,22.0,2.0,190.5,77.11,200.66,Ambidiestro,36.0,3.14,0.69,1.6,0.55,0.77,0.25,0.66,0.0
29,Gilbert Burns,Australia,22.0,7.0,177.8,77.11,180.34,Ortodoxo,37.0,3.29,0.48,3.42,0.54,2.24,0.38,0.5,0.5
30,Jack Della Maddalena,Rusia,17.0,2.0,180.34,77.11,185.42,Ambidiestro,27.0,6.74,0.53,4.27,0.66,0.21,0.16,0.7,0.2
31,Petr Yan,China,17.0,5.0,170.18,61.23,170.18,Ambidiestro,31.0,5.14,0.53,4.36,0.58,1.73,0.51,0.85,0.1
32,Song Yadong,Estados Unidos,21.0,8.0,172.72,61.23,170.18,Ortodoxo,26.0,4.49,0.43,3.96,0.55,0.66,0.4,0.72,0.2
33,Curtis Blaydes,Brasil,18.0,4.0,193.04,120.2,203.2,Ortodoxo,33.0,3.53,0.5,1.83,0.59,5.72,0.53,0.31,0.0
34,Katlyn Cerminara,Estados Unidos,18.0,6.0,175.26,56.7,172.72,Ortodoxo,35.0,4.58,0.34,4.48,0.62,0.31,0.15,0.5,0.3
35,Maycee Barber,Polonia,14.0,2.0,165.1,56.7,165.1,Ambidiestro,25.0,4.7,0.53,2.9,0.54,1.44,0.43,0.53,0.1
36,Rafael Dos Anjos,Brasil,32.0,16.0,172.72,70.31,177.8,Zurdo,39.0,3.48,0.47,3.21,0.6,1.95,0.35,0.55,0.6
37,Pedro Munhoz,Estados Unidos,20.0,9.0,167.64,61.23,165.1,Ortodoxo,37.0,5.32,0.43,6.23,0.56,0.51,0.18,0.82,0.5
38,Ion Cutelaba,Brasil,17.0,10.0,185.42,92.99,190.5,Zurdo,30.0,4.44,0.43,3.43,0.47,4.17,0.57,0.76,0.0
39,Philipe Lins,Brasil,18.0,5.0,187.96,92.99,198.12,Ortodoxo,38.0,3.8,0.49,3.59,0.46,1.65,0.33,1.0,0.0
40,Michal Oleksiejczuk,Cuba,19.0,7.0,182.88,83.91,187.96,Zurdo,29.0,5.06,0.5,4.26,0.61,0.75,0.44,0.48,0.0
41,Robelis Despaigne,Estados Unidos,5.0,0.0,200.66,120.2,213.36,Ortodoxo,35.0,23.33,0.77,6.67,0.6,0.0,0.0,0.0,0.0
42,Asu Almabayev,Escocia,19.0,2.0,162.56,56.7,165.1,Ortodoxo,30.0,3.02,0.59,1.42,0.53,7.12,0.57,0.0,1.3
43,Joanne Wood,Ucrania,17.0,8.0,167.64,56.7,165.1,Ortodoxo,38.0,7.1,0.51,4.89,0.51,1.52,0.55,0.58,0.3
44,Maryna Moroz,Surinam,11.0,6.0,170.18,56.7,170.18,Ortodoxo,32.0,4.42,0.33,4.89,0.51,0.7,0.24,0.42,0.6
45,Shamil Gaziev,Brasil,12.0,1.0,193.04,120.2,198.12,Ortodoxo,34.0,2.63,0.44,4.73,0.42,0.53,0.14,1.0,0.5
46,Alex Perez,Rusia,24.0,8.0,167.64,56.7,165.1,Ortodoxo,32.0,4.12,0.46,3.14,0.59,2.26,0.44,0.82,1.0
47,Muhammad Mokaev,Rusia,12.0,0.0,170.18,56.7,177.8,Ortodoxo,23.0,1.53,0.48,1.36,0.57,5.75,0.41,0.0,1.0
48,Bekzat Almakhan,Estados Unidos,11.0,2.0,170.18,61.23,172.72,Ortodoxo,26.0,0.2,0.18,4.53,0.3,0.0,0.0,0.0,0.0
49,Matt Schnell,Australia,16.0,8.0,172.72,56.7,177.8,Ortodoxo,34.0,4.23,0.38,4.56,0.55,0.59,0.44,0.5,1.0
50,Steve Erceg,Filipinas,12.0,1.0,172.72,56.7,172.72,Ortodoxo,28.0,4.57,0.48,3.64,0.55,1.69,0.3,0.77,0.8
51,Eryk Anders,Estados Unidos,16.0,8.0,185.42,83.91,190.5,Zurdo,36.0,3.41,0.47,4.17,0.5,1.79,0.26,0.79,0.1
52,Benardo Sopaj,Canadá,11.0,3.0,167.64,61.23,167.64,Ortodoxo,23.0,3.06,0.52,4.56,0.53,3.06,0.75,0.5,0.0
53,Aiemann Zahabi,Inglaterra,11.0,2.0,172.72,61.23,172.72,Ortodoxo,36.0,3.43,0.43,3.61,0.71,0.2,0.16,0.79,0.0
54,Loik Radzhabov,México,18.0,5.0,180.34,70.31,175.26,Ortodoxo,33.0,2.93,0.42,4.73,0.45,6.73,0.57,0.55,0.0
55,Brandon Moreno,Estados Unidos,21.0,8.0,170.18,56.7,177.8,Ortodoxo,30.0,3.87,0.44,3.63,0.59,1.74,0.46,0.63,0.5
56,Yair Rodriguez,Estados Unidos,16.0,5.0,180.34,65.77,180.34,Ortodoxo,31.0,4.65,0.46,3.99,0.52,0.69,0.27,0.58,0.7
57,Brian Ortega,México,16.0,3.0,172.72,65.77,175.26,Ambidiestro,33.0,4.07,0.38,6.54,0.49,1.17,0.27,0.57,1.2
58,Daniel Zellhuber,Argentina,15.0,1.0,185.42,70.31,195.58,Ambidiestro,24.0,5.86,0.41,5.06,0.56,0.22,0.33,0.94,0.2
59,Francisco Prado,México,12.0,2.0,177.8,70.31,175.26,Ortodoxo,21.0,4.58,0.41,5.66,0.52,0.0,0.0,0.25,0.4
60,Yazmin Jauregui,Estados Unidos,11.0,1.0,160.02,52.16,162.56,Ortodoxo,25.0,6.26,0.38,5.12,0.55,0.0,0.0,1.0,0.0
61,Cristian Quinonez,Brasil,18.0,5.0,172.72,61.23,177.8,Ortodoxo,27.0,4.19,0.4,4.55,0.55,1.37,0.37,0.84,0.0
62,Mateus Mendonca,México,10.0,3.0,167.64,56.7,180.34,Ortodoxo,25.0,1.66,0.4,4.14,0.3,2.54,0.27,0.55,0.4
63,Edgar Chairez,Brasil,11.0,5.0,170.18,56.7,180.34,Ortodoxo,28.0,2.69,0.48,4.1,0.43,0.0,0.0,0.41,1.7
64,Daniel Lacerda,Perú,11.0,6.0,167.64,56.7,177.8,Ambidiestro,27.0,3.95,0.45,8.28,0.34,2.32,0.5,0.0,1.2
65,Victor Altamirano,Brasil,12.0,4.0,172.72,56.7,177.8,Ambidiestro,33.0,4.55,0.57,3.7,0.54,3.43,0.39,0.63,0.0
66,Erik Silva,Tayikistán,9.0,3.0,175.26,65.77,180.34,Ortodoxo,37.0,2.07,0.7,1.57,0.4,3.76,0.8,0.62,0.0
67,Muhammad Naimov,Australia,11.0,2.0,175.26,65.77,177.8,Ortodoxo,29.0,3.33,0.46,4.57,0.41,1.94,0.33,0.57,0.0
68,Alexander Volkanovski,España,26.0,4.0,167.64,65.77,180.34,Ortodoxo,35.0,6.16,0.56,3.44,0.58,1.78,0.37,0.7,0.2
69,Ilia Topuria,Estados Unidos,15.0,0.0,170.18,65.77,175.26,Ortodoxo,27.0,4.4,0.46,3.35,0.65,1.92,0.56,0.92,1.3
70,Robert Whittaker,Brasil,26.0,7.0,182.88,83.91,185.42,Ortodoxo,33.0,4.57,0.42,3.45,0.59,0.81,0.38,0.82,0.0
71,Paulo Costa,Estados Unidos,14.0,3.0,185.42,83.91,182.88,Ortodoxo,32.0,6.2,0.58,6.38,0.47,0.45,0.75,0.8,0.0
72,Ian Machado Garry,Georgia,14.0,0.0,190.5,77.11,187.96,Ortodoxo,26.0,6.27,0.55,3.49,0.53,0.55,0.75,0.69,0.0
73,Merab Dvalishvili,Estados Unidos,17.0,4.0,167.64,61.23,172.72,Ortodoxo,33.0,4.5,0.41,2.37,0.57,6.43,0.36,0.8,0.3
74,Henry Cejudo,Estados Unidos,16.0,4.0,162.56,61.23,162.56,Ortodoxo,37.0,3.77,0.46,3.29,0.6,1.99,0.32,0.75,0.2
75,Anthony Hernandez,Rusia,12.0,2.0,182.88,83.91,190.5,Ortodoxo,30.0,4.3,0.59,3.46,0.45,6.62,0.49,0.63,3.0
76,Roman Kopylov,Brasil,12.0,3.0,182.88,83.91,190.5,Zurdo,32.0,4.66,0.54,4.1,0.6,0.42,0.5,0.87,0.0
77,Amanda Lemos,Estados Unidos,14.0,3.0,162.56,52.16,165.1,Zurdo,36.0,3.43,0.54,4.21,0.44,0.98,0.63,0.57,0.7
78,Junior Tafa,Japón,5.0,2.0,190.5,108.86,190.5,Ortodoxo,27.0,1.81,0.4,1.86,0.5,0.0,0.0,0.81,0.0
79,Val Woodburn,Estados Unidos,7.0,2.0,172.72,77.11,187.96,Ortodoxo,30.0,1.6,0.35,4.93,0.36,1.92,1.0,0.5,0.0
80,Andrea Lee,Estados Unidos,13.0,9.0,167.64,56.7,175.26,Ortodoxo,35.0,4.69,0.46,3.76,0.62,1.85,0.58,0.55,0.6
81,Miranda Maverick,Suecia,15.0,5.0,160.02,56.7,165.1,Zurdo,26.0,3.8,0.47,2.6,0.59,2.49,0.46,0.4,0.4
82,Jack Hermansson,Estados Unidos,24.0,8.0,185.42,83.91,195.58,Ortodoxo,35.0,5.09,0.44,3.69,0.56,1.53,0.3,0.8,0.4
83,Joe Pyfer,Estados Unidos,12.0,3.0,187.96,83.91,190.5,Ortodoxo,27.0,3.66,0.4,3.58,0.51,1.49,0.41,0.5,0.9
84,Dan Ige,Estados Unidos,18.0,7.0,170.18,65.77,180.34,Ortodoxo,32.0,3.76,0.45,3.52,0.57,1.06,0.26,0.58,0.3
85,Ihor Potieria,Estados Unidos,20.0,5.0,190.5,83.91,190.5,Zurdo,27.0,5.19,0.5,5.01,0.51,0.0,0.0,0.57,0.0
86,Brad Tavares,Brasil,20.0,10.0,185.42,83.91,187.96,Ortodoxo,36.0,3.38,0.43,3.15,0.55,0.78,0.26,0.81,0.0
87,Darrius Flowers,Brasil,12.0,7.0,175.26,70.31,180.34,Ortodoxo,29.0,2.94,0.54,5.16,0.43,0.63,0.2,0.6,0.0
88,Rodolfo Vieira,Armenia,10.0,2.0,182.88,83.91,185.42,Ortodoxo,34.0,3.19,0.54,4.6,0.49,4.18,0.3,1.0,1.6
89,Armen Petrosyan,Estados Unidos,9.0,3.0,190.5,83.91,180.34,Ortodoxo,33.0,5.69,0.52,2.9,0.56,0.22,0.33,0.31,0.0
90,Timmy Cuamba,Tailandia,8.0,2.0,175.26,70.31,180.34,Ortodoxo,25.0,2.53,0.34,4.23,0.57,0.5,0.16,0.71,0.0
91,Bruna Brasil,Estados Unidos,9.0,4.0,167.64,52.16,165.1,Ortodoxo,30.0,2.94,0.62,3.92,0.51,1.59,0.62,0.53,0.0
92,Max Griffin,Estados Unidos,20.0,10.0,180.34,77.11,193.04,Ortodoxo,38.0,3.92,0.49,3.81,0.57,1.45,0.41,0.68,0.3
93,Hyder Amil,Georgia,9.0,0.0,175.26,65.77,177.8,Ambidiestro,33.0,4.73,0.54,2.16,0.61,0.68,0.33,0.78,2.0
94,Roman Dolidze,Francia,12.0,3.0,187.96,83.91,193.04,Ortodoxo,35.0,2.62,0.39,3.36,0.51,1.3,0.4,0.33,1.3
95,Nassourdine Imavov,Brasil,13.0,4.0,190.5,83.91,190.5,Ortodoxo,29.0,4.53,0.54,3.26,0.61,0.87,0.31,0.76,1.5
96,Renato Moicano,Estados Unidos,18.0,5.0,180.34,70.31,182.88,Ortodoxo,34.0,4.41,0.47,3.8,0.6,1.8,0.47,0.72,0.6
97,Drew Dober,Estados Unidos,27.0,13.0,172.72,70.31,177.8,Zurdo,35.0,4.34,0.4,4.23,0.51,0.71,0.18,0.56,0.1
98,Randy Brown,Rusia,18.0,5.0,190.5,77.11,198.12,Ortodoxo,33.0,4.37,0.46,3.33,0.54,0.78,0.39,0.74,0.5
99,Muslim Salikhov,Brasil,19.0,5.0,180.34,77.11,177.8,Ortodoxo,39.0,3.36,0.51,2.94,0.62,1.27,0.4,0.73,0.0
100,Charles Radtke,Inglaterra,9.0,3.0,175.26,77.11,182.88,Ortodoxo,33.0,3.29,0.52,3.03,0.54,0.76,0.16,1.0,0.0
101,Azat Maksum,Estados Unidos,17.0,1.0,170.18,56.7,177.8,Zurdo,29.0,2.8,0.23,5.23,0.55,2.0,0.22,0.66,0.5
102,Themba Gorimbo,Estados Unidos,12.0,4.0,185.42,77.11,195.58,Ortodoxo,33.0,2.3,0.6,1.67,0.46,3.39,0.45,0.66,0.0
103,Blake Bilder,Brasil,8.0,2.0,172.72,65.77,172.72,Ambidiestro,33.0,3.81,0.48,4.15,0.53,0.31,0.07,0.71,0.6
104,Luana Carolina,Lituania,10.0,4.0,167.64,56.7,175.26,Ortodoxo,30.0,4.63,0.49,3.63,0.49,0.38,0.42,0.76,0.6
105,Jamal Pogues,Estados Unidos,11.0,4.0,190.5,92.99,195.58,Ortodoxo,28.0,3.36,0.44,4.17,0.5,2.4,0.48,0.77,0.0
106,Dricus Du Plessis,Estados Unidos,21.0,2.0,185.42,83.91,193.04,Ambidiestro,30.0,6.49,0.5,4.77,0.55,3.0,0.51,0.4,0.8
107,Raquel Pennington,Brasil,16.0,9.0,170.18,61.23,170.18,Ortodoxo,35.0,4.14,0.52,3.29,0.6,0.9,0.27,0.63,0.7
108,Mayra Bueno Silva,Estados Unidos,10.0,3.0,167.64,61.23,167.64,Ortodoxo,32.0,3.84,0.57,4.86,0.53,0.68,0.38,0.68,1.6
109,Neil Magny,Canadá,29.0,12.0,190.5,77.11,203.2,Ortodoxo,36.0,3.47,0.46,2.42,0.52,2.17,0.4,0.54,0.3
110,Mike Malott,Estados Unidos,10.0,2.0,185.42,77.11,185.42,Ortodoxo,32.0,3.83,0.46,3.33,0.52,3.04,0.6,0.16,1.0
111,Marc-Andre Barriault,Inglaterra,16.0,7.0,185.42,83.91,187.96,Ortodoxo,34.0,6.19,0.47,5.67,0.52,0.22,0.25,0.67,0.1
112,Arnold Allen,Rusia,19.0,3.0,172.72,65.77,177.8,Zurdo,30.0,3.39,0.4,2.91,0.61,1.02,0.5,0.75,0.4
113,Movsar Evloev,Canadá,18.0,0.0,170.18,65.77,182.88,Ortodoxo,30.0,4.43,0.48,2.89,0.61,4.75,0.46,0.71,0.2
114,Garrett Armfield,Canadá,10.0,3.0,167.64,61.23,177.8,Ortodoxo,27.0,6.22,0.53,3.93,0.58,0.0,0.0,0.64,0.0
115,Charles Jourdain,Estados Unidos,15.0,7.0,175.26,65.77,175.26,Ambidiestro,28.0,5.56,0.48,4.31,0.57,0.09,0.1,0.48,0.6
116,Ramon Taveras,Canadá,10.0,2.0,172.72,61.23,177.8,Zurdo,30.0,4.63,0.45,5.41,0.65,0.0,0.0,1.0,0.0
117,Gillian Robertson,Brasil,13.0,8.0,165.1,52.16,160.02,Ortodoxo,28.0,2.61,0.46,3.12,0.56,2.53,0.43,0.43,1.0
118,Jasmine Jasudavicius,Brasil,10.0,3.0,170.18,56.7,172.72,Ortodoxo,35.0,3.95,0.45,4.03,0.51,2.16,0.37,0.8,0.4
119,Priscila Cachoeira,Canadá,12.0,6.0,170.18,56.7,165.1,Ortodoxo,35.0,3.76,0.44,7.03,0.43,0.15,0.33,0.65,0.0
120,Jimmy Flick,Rusia,17.0,7.0,170.18,56.7,172.72,Ortodoxo,33.0,1.7,0.5,5.2,0.4,1.79,0.26,0.0,5.4
121,Johnny Walker,Estados Unidos,21.0,8.0,198.12,92.99,208.28,Ortodoxo,31.0,3.81,0.53,2.83,0.44,0.46,1.0,0.57,0.9
122,Ricky Simon,Estados Unidos,20.0,5.0,167.64,61.23,175.26,Ortodoxo,31.0,3.01,0.43,3.61,0.61,5.49,0.46,0.76,0.4
123,Mario Bautista,Estados Unidos,14.0,2.0,175.26,61.23,175.26,Ambidiestro,30.0,5.69,0.48,3.99,0.53,2.25,0.44,0.66,1.0
124,Brunno Ferreira,Rusia,11.0,1.0,177.8,83.91,182.88,Ortodoxo,31.0,5.0,0.5,4.17,0.48,1.25,0.16,0.66,0.0
125,Waldo Cortes-Acosta,Estados Unidos,11.0,1.0,193.04,117.93,198.12,Ortodoxo,32.0,6.13,0.47,4.02,0.52,0.0,0.0,0.6,0.0
126,Gaston Bolanos,Inglaterra,7.0,4.0,170.18,61.23,175.26,Ortodoxo,31.0,3.88,0.43,3.49,0.49,0.0,0.0,0.5,0.0
127,Farid Basharat,Francia,12.0,0.0,172.72,61.23,180.34,Ortodoxo,26.0,4.47,0.58,2.44,0.57,3.96,0.41,0.83,0.6
128,Westin Wilson,Brasil,16.0,9.0,185.42,65.77,185.42,Zurdo,35.0,2.11,0.34,6.62,0.28,0.0,0.0,0.0,4.2
129,Felipe Bunes,Inglaterra,13.0,7.0,170.18,56.7,175.26,Ortodoxo,34.0,5.25,0.54,8.72,0.41,3.15,0.33,0.0,0.0
130,Leon Edwards,Estados Unidos,22.0,3.0,187.96,77.11,187.96,Zurdo,32.0,2.75,0.53,2.34,0.54,1.25,0.34,0.7,0.4
131,Colby Covington,Brasil,17.0,4.0,180.34,77.11,182.88,Ortodoxo,36.0,3.88,0.38,2.98,0.55,3.79,0.44,0.67,0.2
132,Alexandre Pantoja,Kazajistán,27.0,5.0,165.1,56.7,170.18,Ortodoxo,33.0,4.32,0.49,3.9,0.5,2.2,0.48,0.67,1.0
133,Stephen Thompson,Estados Unidos,17.0,7.0,182.88,77.11,190.5,Ortodoxo,41.0,4.11,0.46,3.03,0.54,0.26,0.41,0.65,0.0
134,Tony Ferguson,Inglaterra,26.0,10.0,180.34,70.31,193.04,Ortodoxo,40.0,4.94,0.45,4.41,0.55,0.39,0.35,0.67,0.9
135,Paddy Pimblett,Estados Unidos,21.0,3.0,177.8,70.31,185.42,Ortodoxo,29.0,5.13,0.52,3.7,0.41,0.98,0.25,0.56,1.6
136,Josh Emmett,Estados Unidos,19.0,4.0,167.64,65.77,177.8,Ortodoxo,39.0,4.04,0.36,4.61,0.61,0.91,0.37,0.46,0.1
137,Bryce Mitchell,Estados Unidos,16.0,3.0,177.8,65.77,177.8,Zurdo,29.0,2.3,0.58,1.63,0.58,3.45,0.41,0.33,1.6
138,Alonzo Menifield,Estados Unidos,15.0,3.0,182.88,92.99,193.04,Ortodoxo,36.0,3.92,0.57,3.51,0.49,0.67,0.33,0.75,0.3
139,Dustin Jacoby,México,19.0,8.0,190.5,92.99,193.04,Ortodoxo,35.0,5.53,0.47,4.07,0.57,0.36,0.25,0.6,0.0
140,Irene Aldana,Brasil,15.0,7.0,175.26,61.23,172.72,Ortodoxo,36.0,5.24,0.4,6.33,0.57,0.16,0.5,0.76,0.2
141,Karol Rosa,Estados Unidos,17.0,6.0,165.1,61.23,170.18,Ortodoxo,29.0,6.34,0.56,4.78,0.49,1.22,0.45,0.68,0.0
142,Cody Garbrandt,Estados Unidos,14.0,5.0,172.72,61.23,165.1,Ortodoxo,32.0,3.06,0.4,3.91,0.6,1.1,0.34,0.8,0.0
143,Brian Kelleher,Escocia,24.0,15.0,167.64,61.23,167.64,Ambidiestro,37.0,3.39,0.41,4.64,0.54,1.74,0.41,0.6,0.7
144,Casey O'Neill,Brasil,9.0,2.0,167.64,56.7,175.26,Ortodoxo,26.0,8.41,0.54,6.3,0.56,1.77,0.38,0.66,0.7
145,Ariane Lipski,Rusia,17.0,8.0,167.64,56.7,170.18,Ortodoxo,30.0,4.27,0.4,4.23,0.52,0.64,0.55,0.79,0.4
146,Tagir Ulanbekov,Estados Unidos,15.0,2.0,170.18,56.7,177.8,Zurdo,32.0,3.22,0.45,3.3,0.51,3.71,0.46,0.61,2.1
147,Chris Gutierrez,Estados Unidos,20.0,6.0,175.26,61.23,170.18,Ortodoxo,32.0,4.8,0.58,2.79,0.63,0.28,0.3,0.69,0.1
148,Anthony Smith,Estados Unidos,37.0,19.0,193.04,92.99,193.04,Ortodoxo,35.0,3.21,0.48,4.47,0.46,0.49,0.26,0.48,0.6
149,Khalil Rountree Jr.,Alemania,14.0,5.0,185.42,92.99,193.04,Zurdo,34.0,3.84,0.39,4.18,0.5,0.0,0.0,0.58,0.1
150,Nasrat Haqparast,Australia,16.0,5.0,177.8,70.31,182.88,Zurdo,28.0,5.78,0.44,5.25,0.64,0.31,0.2,0.78,0.0
151,Jamie Mullarkey,Estados Unidos,17.0,7.0,182.88,70.31,187.96,Ortodoxo,29.0,4.46,0.46,4.49,0.54,2.42,0.34,0.76,0.1
152,Shannon Ross,Estados Unidos,13.0,9.0,167.64,56.7,167.64,Ambidiestro,34.0,5.96,0.39,7.39,0.55,0.0,0.0,1.0,0.0
153,Luana Santos,Suiza,7.0,1.0,167.64,61.23,170.18,Ortodoxo,23.0,6.21,0.55,3.64,0.64,1.61,0.5,0.66,0.0
154,Stephanie Egger,Japón,8.0,5.0,167.64,61.23,172.72,Ortodoxo,35.0,2.2,0.46,2.48,0.52,2.48,0.42,0.5,0.6
155,Talita Alencar,Estados Unidos,5.0,0.0,154.94,52.16,147.32,Ortodoxo,33.0,2.37,0.28,4.8,0.48,2.5,0.15,0.5,0.0
156,Beneil Dariush,Armenia,22.0,6.0,177.8,70.31,182.88,Zurdo,34.0,3.78,0.48,2.65,0.57,1.9,0.34,0.8,0.9
157,Arman Tsarukyan,Estados Unidos,21.0,3.0,170.18,70.31,182.88,Ortodoxo,27.0,3.85,0.48,1.91,0.54,3.4,0.36,0.75,0.0
158,Jalin Turner,Estados Unidos,14.0,7.0,190.5,70.31,195.58,Zurdo,28.0,6.02,0.48,4.63,0.41,0.88,0.55,0.75,1.2
159,Bobby Green,Estados Unidos,31.0,15.0,177.8,70.31,180.34,Ortodoxo,37.0,6.14,0.52,3.74,0.62,1.2,0.37,0.74,0.3
160,Rob Font,Brasil,20.0,8.0,172.72,61.23,180.34,Ortodoxo,36.0,5.53,0.45,3.65,0.56,0.89,0.35,0.46,0.3
161,Sean Brady,Estados Unidos,16.0,1.0,177.8,77.11,182.88,Ortodoxo,31.0,3.77,0.53,3.55,0.61,3.29,0.57,0.87,1.2
162,Kelvin Gastelum,Estados Unidos,18.0,9.0,175.26,77.11,180.34,Zurdo,32.0,3.55,0.41,3.23,0.58,0.96,0.3,0.59,0.1
163,Joaquim Silva,Estados Unidos,13.0,5.0,172.72,70.31,175.26,Zurdo,35.0,3.61,0.41,4.51,0.54,0.45,0.6,0.64,0.7
164,Punahele Soriano,Estados Unidos,9.0,4.0,180.34,83.91,182.88,Zurdo,31.0,3.96,0.45,4.55,0.48,0.79,0.4,0.33,0.0
165,Dustin Stoltzfus,Estados Unidos,15.0,5.0,182.88,83.91,190.5,Ortodoxo,32.0,3.49,0.44,3.29,0.48,2.4,0.4,0.46,0.7
166,Miesha Tate,Estados Unidos,20.0,9.0,167.64,61.23,165.1,Ortodoxo,37.0,2.62,0.45,2.98,0.51,2.02,0.31,0.55,1.3
167,Zach Reese,Estados Unidos,6.0,1.0,193.04,83.91,195.58,Ambidiestro,30.0,3.93,0.66,6.56,0.28,0.0,0.0,0.0,9.8
168,Drakkar Klose,Estados Unidos,14.0,2.0,175.26,70.31,177.8,Ortodoxo,36.0,4.33,0.55,3.4,0.52,1.78,0.3,0.68,0.0
169,Rodolfo Bellato,Brasil,12.0,2.0,190.5,92.99,195.58,Ortodoxo,28.0,6.47,0.61,5.9,0.44,1.09,0.25,1.0,0.5
170,Wellington Turman,Estados Unidos,18.0,8.0,182.88,77.11,182.88,Ortodoxo,27.0,3.23,0.51,4.17,0.45,1.55,0.2,0.42,0.8
171,Jamey-Lyn Horth,Estados Unidos,6.0,1.0,170.18,56.7,167.64,Ortodoxo,33.0,3.97,0.62,3.53,0.57,0.5,0.25,0.7,0.0
172,Brendan Allen,Escocia,23.0,5.0,187.96,83.91,190.5,Ortodoxo,28.0,3.87,0.54,3.6,0.46,1.36,0.47,0.58,1.7
173,Paul Craig,Ecuador,17.0,7.0,190.5,83.91,193.04,Ortodoxo,36.0,2.42,0.46,2.86,0.45,1.76,0.22,0.37,1.6
174,Michael Morales,Estados Unidos,16.0,0.0,182.88,77.11,200.66,Ortodoxo,24.0,5.28,0.46,3.6,0.52,1.24,0.41,0.91,0.0
175,Jake Matthews,Estados Unidos,19.0,7.0,180.34,77.11,185.42,Ortodoxo,29.0,3.3,0.45,2.56,0.6,1.59,0.4,0.62,0.6
176,Chase Hooper,Estados Unidos,13.0,3.0,185.42,70.31,187.96,Zurdo,24.0,4.86,0.51,3.59,0.36,1.42,0.22,0.55,2.2
177,Nick Aguirre,Brasil,7.0,2.0,175.26,61.23,187.96,Zurdo,28.0,0.73,0.33,2.89,0.45,1.16,0.2,0.33,0.6
178,Luana Pinheiro,Serbia,11.0,2.0,157.48,52.16,157.48,Ortodoxo,31.0,3.89,0.41,4.38,0.62,2.36,0.4,0.66,0.3
179,Myktybek Orolbai,Estados Unidos,12.0,1.0,177.8,70.31,187.96,Ortodoxo,26.0,0.87,0.4,1.52,0.48,11.41,0.7,0.0,1.6
180,Lucie Pudilova,Argentina,14.0,9.0,172.72,61.23,170.18,Ortodoxo,29.0,3.68,0.37,3.83,0.51,0.55,0.27,0.66,0.7
181,Jiri Prochazka,Brasil,29.0,4.0,190.5,92.99,203.2,Ortodoxo,31.0,5.31,0.55,5.17,0.4,0.61,0.5,0.68,0.3
182,Alex Pereira,Rusia,9.0,2.0,193.04,92.99,200.66,Ortodoxo,36.0,5.0,0.62,3.65,0.5,0.19,1.0,0.7,0.4
183,Sergei Pavlovich,Inglaterra,18.0,2.0,190.5,116.57,213.36,Zurdo,31.0,8.21,0.48,4.61,0.55,0.0,0.0,0.75,0.0
184,Jessica Andrade,Estados Unidos,25.0,12.0,154.94,52.16,157.48,Ortodoxo,32.0,6.67,0.5,5.36,0.54,2.45,0.54,0.72,0.4
185,Matt Frevola,Brasil,11.0,4.0,175.26,70.31,180.34,Ortodoxo,33.0,3.71,0.42,3.57,0.59,2.59,0.4,0.42,0.9
186,Diego Lopes,Estados Unidos,23.0,6.0,180.34,65.77,182.88,Ortodoxo,29.0,2.47,0.53,4.91,0.37,0.0,0.0,0.42,5.3
187,Alessandro Costa,Brasil,13.0,4.0,162.56,56.7,170.18,Ortodoxo,28.0,3.75,0.46,3.61,0.56,0.31,0.16,0.9,0.0
188,Mateusz Rebecki,Estados Unidos,18.0,1.0,170.18,70.31,167.64,Zurdo,31.0,5.31,0.53,2.01,0.63,4.16,0.72,0.66,1.6
189,Roosevelt Roberts,Estados Unidos,12.0,5.0,187.96,70.31,185.42,Ortodoxo,30.0,3.05,0.44,3.12,0.52,1.39,0.29,0.52,0.9
190,Jared Gordon,Estados Unidos,20.0,6.0,175.26,70.31,172.72,Ortodoxo,35.0,5.39,0.57,3.4,0.57,1.95,0.4,0.62,0.0
191,Kyung Ho Kang,Perú,19.0,10.0,175.26,61.23,185.42,Ortodoxo,36.0,3.35,0.48,3.33,0.55,1.87,0.57,0.68,0.8
192,Dennis Buzukja,Estados Unidos,11.0,4.0,175.26,65.77,177.8,Ambidiestro,26.0,3.3,0.43,4.93,0.4,0.98,0.3,0.73,0.3
193,Jamall Emmers,Estados Unidos,20.0,7.0,177.8,65.77,187.96,Ortodoxo,34.0,5.1,0.48,3.79,0.57,1.96,0.4,0.9,0.2
194,Nicolas Dalby,Brasil,23.0,4.0,180.34,77.11,187.96,Ortodoxo,39.0,4.03,0.43,3.43,0.52,1.11,0.3,0.6,0.1
195,Rodrigo Nascimento,Estados Unidos,11.0,1.0,187.96,111.58,203.2,Ortodoxo,31.0,4.31,0.48,4.76,0.43,1.2,0.33,0.77,0.7
196,Don'Tale Mayes,Brasil,10.0,6.0,198.12,117.93,205.74,Ortodoxo,32.0,3.6,0.44,3.84,0.46,0.79,0.43,0.6,0.0
197,Kaynan Kruschewsky,Lituania,15.0,2.0,182.88,70.31,185.42,Ortodoxo,32.0,5.08,0.39,4.79,0.47,2.18,1.0,0.0,2.2
198,Modestas Bukauskas,Estados Unidos,15.0,6.0,190.5,92.99,198.12,Ambidiestro,30.0,3.28,0.41,3.87,0.5,0.0,0.0,0.71,0.0
199,Angela Hill,Brasil,16.0,13.0,160.02,52.16,162.56,Ortodoxo,39.0,5.44,0.5,4.94,0.61,0.73,0.34,0.75,0.1
200,Kaue Fernandes,Congo,8.0,2.0,175.26,70.31,185.42,Ortodoxo,29.0,1.53,0.54,0.87,0.59,1.0,1.0,0.62,0.0
201,Marc Diakiese,Rusia,17.0,7.0,177.8,70.31,185.42,Ortodoxo,31.0,2.54,0.4,2.64,0.52,3.29,0.43,0.66,0.0
202,Islam Makhachev,Nigeria,25.0,1.0,177.8,70.31,177.8,Zurdo,32.0,2.46,0.6,1.27,0.61,3.17,0.6,0.9,1.0
203,Kamaru Usman,Rusia,20.0,4.0,182.88,77.11,193.04,Ambidiestro,36.0,4.36,0.52,2.74,0.54,2.82,0.45,0.89,0.1
204,Khamzat Chimaev,Rusia,13.0,0.0,187.96,83.91,190.5,Ortodoxo,29.0,5.72,0.58,3.46,0.42,3.99,0.46,1.0,2.7
205,Warlley Alves,Rusia,15.0,7.0,180.34,83.91,182.88,Ortodoxo,33.0,3.25,0.48,4.21,0.5,1.35,0.5,0.8,0.9
206,Anshul Jubli,Inglaterra,7.0,1.0,182.88,70.31,175.26,Ambidiestro,29.0,6.48,0.46,5.61,0.51,0.82,0.18,0.63,0.4
207,Viktoriia Dudakova,Estados Unidos,8.0,0.0,165.1,56.7,170.18,Ortodoxo,25.0,3.14,0.52,2.45,0.5,2.45,0.41,0.5,0.0
208,Jinh Yu Frey,Rusia,11.0,10.0,160.02,52.16,165.1,Zurdo,38.0,2.97,0.43,4.23,0.52,1.02,0.36,0.9,0.3
209,Bruno Silva,Estados Unidos,23.0,10.0,182.88,83.91,187.96,Ortodoxo,34.0,4.43,0.51,5.33,0.43,1.09,0.27,0.73,0.0
210,Sodiq Yusuff,Brasil,13.0,3.0,175.26,65.77,180.34,Ortodoxo,30.0,5.72,0.49,4.33,0.54,0.28,0.2,0.62,0.4
211,Edson Barboza,Brasil,24.0,11.0,180.34,65.77,190.5,Ortodoxo,38.0,4.18,0.45,4.34,0.57,0.48,0.5,0.75,0.1
212,Jennifer Maia,Estados Unidos,21.0,10.0,162.56,56.7,162.56,Ortodoxo,35.0,4.35,0.38,4.52,0.55,0.42,0.27,0.58,0.1
213,Jonathan Martinez,Estados Unidos,19.0,4.0,172.72,61.23,177.8,Zurdo,29.0,4.64,0.5,3.76,0.58,0.44,0.41,0.69,0.1
214,Adrian Yanez,Estados Unidos,16.0,5.0,170.18,61.23,177.8,Ortodoxo,30.0,6.15,0.39,5.73,0.57,0.0,0.0,1.0,0.0
215,Andre Petroski,Estados Unidos,10.0,3.0,182.88,83.91,185.42,Ambidiestro,32.0,3.61,0.51,3.03,0.51,4.48,0.54,0.71,2.5
216,Alatengheili,Estados Unidos,16.0,9.0,165.1,61.23,167.64,Ortodoxo,32.0,2.88,0.33,5.03,0.58,1.82,0.4,0.72,0.0
217,Ashley Yoder,Estados Unidos,8.0,9.0,170.18,52.16,175.26,Zurdo,36.0,3.42,0.39,4.13,0.47,1.09,0.27,0.66,0.6
218,Emily Ducote,Estados Unidos,13.0,8.0,157.48,52.16,160.02,Ortodoxo,30.0,6.93,0.48,7.98,0.56,0.25,0.14,0.92,0.0
219,Grant Dawson,Ghana,20.0,2.0,177.8,70.31,182.88,Ambidiestro,30.0,2.97,0.51,2.27,0.45,3.68,0.36,0.4,1.5
220,Abdul Razak Alhassan,Estados Unidos,12.0,6.0,177.8,83.91,185.42,Ortodoxo,38.0,3.37,0.48,3.99,0.55,0.89,0.38,0.5,0.2
221,Alex Morono,Estados Unidos,23.0,9.0,180.34,77.11,182.88,Ortodoxo,33.0,5.02,0.41,4.17,0.58,0.34,0.22,0.5,0.3
222,Joaquin Buckley,Estados Unidos,17.0,6.0,177.8,77.11,193.04,Zurdo,29.0,3.87,0.33,3.31,0.57,1.51,0.36,0.65,0.0
223,Ricky Glenn,Estados Unidos,22.0,8.0,182.88,70.31,177.8,Zurdo,34.0,3.94,0.43,4.1,0.51,0.55,0.13,0.68,0.4
224,Alexander Hernandez,Estados Unidos,14.0,7.0,175.26,65.77,182.88,Ortodoxo,31.0,4.63,0.41,4.9,0.56,1.2,0.31,0.6,0.1
225,Bill Algeo,Polonia,18.0,7.0,182.88,65.77,185.42,Ambidiestro,34.0,6.11,0.52,4.41,0.47,0.89,0.46,0.56,0.1
226,Karolina Kowalkiewicz,Estados Unidos,16.0,7.0,160.02,52.16,162.56,Ortodoxo,38.0,5.92,0.43,5.55,0.59,0.36,0.26,0.74,0.2
227,Nate Maness,Estados Unidos,15.0,3.0,177.8,56.7,182.88,Ortodoxo,32.0,2.33,0.48,4.29,0.4,0.87,0.75,0.78,0.3
228,Johnny Munoz,Estados Unidos,12.0,4.0,175.26,61.23,180.34,Ortodoxo,31.0,2.44,0.36,2.66,0.55,2.4,0.25,0.45,1.8
229,Montana De La Rosa,Estados Unidos,12.0,9.0,170.18,56.7,172.72,Ortodoxo,29.0,2.7,0.36,3.21,0.44,1.71,0.31,0.64,0.8
230,JJ Aldrich,Kazajistán,13.0,6.0,165.1,56.7,170.18,Zurdo,31.0,4.05,0.46,4.53,0.6,0.71,0.25,0.66,0.0
231,Rafael Fiziev,Brasil,12.0,3.0,172.72,70.31,180.34,Ambidiestro,31.0,4.9,0.51,4.97,0.49,0.29,0.4,0.89,0.0
232,Andre Fialho,Australia,16.0,8.0,182.88,77.11,187.96,Ortodoxo,29.0,3.3,0.41,6.26,0.45,0.25,1.0,0.66,0.0
233,Jacob Malkoun,Estados Unidos,7.0,3.0,175.26,83.91,185.42,Ortodoxo,28.0,3.89,0.56,2.49,0.5,7.2,0.44,0.0,0.5
234,Mizuki,Estados Unidos,15.0,6.0,160.02,52.16,165.1,Ortodoxo,29.0,4.56,0.5,5.62,0.48,0.33,0.14,0.85,0.0
235,Terrence Mitchell,Estados Unidos,14.0,4.0,177.8,61.23,187.96,Ortodoxo,34.0,2.21,0.34,8.85,0.41,3.69,0.5,0.0,0.0
236,Christos Giagos,Canadá,20.0,11.0,177.8,70.31,180.34,Ortodoxo,34.0,2.98,0.42,2.95,0.51,2.93,0.37,0.52,0.4
237,Kyle Nelson,Estados Unidos,15.0,5.0,180.34,65.77,180.34,Ambidiestro,32.0,3.46,0.44,4.56,0.52,1.15,0.2,0.73,0.7
238,Josh Fremd,Estados Unidos,11.0,5.0,193.04,83.91,193.04,Ortodoxo,30.0,2.93,0.43,2.63,0.47,0.84,0.25,0.31,1.4
239,Marnic Mann,Nigeria,6.0,2.0,152.4,52.16,162.56,Zurdo,31.0,1.1,0.42,4.93,0.31,1.83,0.3,0.16,0.0
240,Alexander Volkov,Portugal,37.0,10.0,200.66,113.4,203.2,Ortodoxo,35.0,5.1,0.57,3.0,0.54,0.49,0.63,0.73,0.2
241,Anton Turkalj,Nueva Zelanda,8.0,3.0,193.04,92.99,198.12,Ortodoxo,27.0,1.72,0.53,2.48,0.49,6.55,0.51,0.16,0.0
242,Shane Young,Uruguay,13.0,8.0,172.72,65.77,182.88,Ortodoxo,30.0,5.19,0.4,5.46,0.52,0.63,0.18,0.64,0.0
243,Kiefer Crosbie,Francia,10.0,4.0,180.34,77.11,177.8,Ambidiestro,33.0,8.1,0.66,6.02,0.5,0.0,0.0,0.0,0.0
244,Ciryl Gane,Moldavia,12.0,2.0,193.04,111.13,205.74,Ortodoxo,33.0,5.49,0.6,2.19,0.63,0.58,0.21,0.5,0.5
245,Serghei Spivac,Francia,16.0,4.0,190.5,117.93,198.12,Ortodoxo,29.0,3.54,0.49,3.79,0.49,4.56,0.64,0.7,0.5
246,Manon Fiorot,Suiza,11.0,1.0,170.18,56.7,165.1,Ortodoxo,34.0,6.05,0.39,3.31,0.69,1.36,0.46,0.91,0.0
247,Nora Cornolle,Panamá,7.0,1.0,170.18,61.23,170.18,Ortodoxo,34.0,2.67,0.51,1.2,0.57,0.0,0.0,0.37,0.0
248,Jacqueline Cavalcanti,Estados Unidos,6.0,1.0,172.72,61.23,177.8,Ortodoxo,26.0,8.4,0.57,2.6,0.84,0.0,0.0,1.0,0.0
249,Max Holloway,Corea del Sur,25.0,7.0,180.34,65.77,175.26,Ortodoxo,32.0,7.17,0.47,4.75,0.59,0.27,0.53,0.84,0.3
250,Chan Sung Jung,Estados Unidos,17.0,8.0,170.18,65.77,182.88,Ortodoxo,37.0,3.93,0.41,4.52,0.52,0.7,0.44,0.72,0.6
251,Ryan Spann,Georgia,21.0,9.0,195.58,92.99,200.66,Ortodoxo,32.0,3.42,0.4,3.91,0.45,1.29,0.35,0.47,1.5
252,Giga Chikadze,Estados Unidos,15.0,3.0,182.88,65.77,187.96,Ortodoxo,35.0,4.08,0.43,3.44,0.62,0.23,0.33,0.69,0.2
253,Alex Caceres,Estados Unidos,21.0,14.0,177.8,65.77,185.42,Zurdo,35.0,4.16,0.5,2.93,0.63,0.56,0.68,0.64,0.7
254,Erin Blanchfield,Brasil,12.0,1.0,162.56,56.7,167.64,Ortodoxo,24.0,5.58,0.52,3.32,0.62,2.86,0.36,0.83,1.2
255,Taila Santos,Estados Unidos,19.0,3.0,167.64,56.7,172.72,Ortodoxo,30.0,3.39,0.48,2.64,0.58,2.0,0.76,0.86,1.1
256,Toshiomi Kazama,Estados Unidos,10.0,4.0,170.18,61.23,175.26,Ortodoxo,26.0,2.22,0.54,3.94,0.45,1.51,0.13,0.66,0.0
257,SeungWoo Choi,Estados Unidos,11.0,6.0,182.88,65.77,187.96,Ortodoxo,31.0,3.48,0.38,3.02,0.47,0.87,0.54,0.69,0.0
258,Da'Mon Blackshear,Estados Unidos,14.0,6.0,177.8,61.23,182.88,Ambidiestro,29.0,4.28,0.47,4.09,0.48,2.34,0.37,0.66,0.8
259,Chris Weidman,Estados Unidos,15.0,7.0,187.96,83.91,198.12,Ortodoxo,39.0,2.98,0.43,3.27,0.5,3.6,0.43,0.65,0.8
260,Austin Hubbard,Brasil,16.0,7.0,177.8,70.31,180.34,Ortodoxo,32.0,3.83,0.46,3.37,0.56,1.55,0.52,0.63,0.0
261,Karine Silva,Brasil,17.0,4.0,165.1,56.7,170.18,Ortodoxo,30.0,3.37,0.35,3.37,0.5,2.45,0.6,0.0,4.1
262,Vicente Luque,Estados Unidos,22.0,9.0,180.34,77.11,190.5,Ortodoxo,32.0,5.17,0.52,5.15,0.52,1.04,0.6,0.62,0.7
263,Cub Swanson,Canadá,29.0,13.0,172.72,65.77,177.8,Ortodoxo,40.0,4.7,0.5,3.84,0.59,1.09,0.52,0.61,0.4
264,Hakeem Dawodu,Estados Unidos,13.0,4.0,172.72,65.77,185.42,Ortodoxo,32.0,5.45,0.5,3.37,0.56,0.0,0.0,0.65,0.0
265,Iasmin Lucindo,Camerún,15.0,5.0,160.02,52.16,167.64,Ortodoxo,22.0,3.33,0.39,3.23,0.67,2.33,0.66,0.66,0.4
266,Juliana Miller,Estados Unidos,4.0,3.0,170.18,56.7,167.64,Ortodoxo,27.0,3.31,0.45,4.75,0.32,1.84,0.44,0.0,1.8
267,Cory Sandhagen,Estados Unidos,17.0,4.0,180.34,61.23,177.8,Ambidiestro,31.0,5.33,0.44,3.4,0.58,1.36,0.33,0.64,0.3
268,Gavin Tucker,Canadá,13.0,3.0,167.64,65.77,167.64,Zurdo,37.0,4.29,0.44,4.18,0.57,3.13,0.44,0.53,1.5
269,Tanner Boser,Bosnia,21.0,10.0,187.96,92.99,190.5,Ortodoxo,32.0,4.7,0.52,2.75,0.58,0.0,0.0,0.63,0.0
270,Aleksa Camur,China,6.0,3.0,185.42,92.99,187.96,Ortodoxo,28.0,4.73,0.57,4.26,0.54,0.46,0.22,0.5,0.0
271,Ignacio Bahamondes,Guyana,14.0,5.0,190.5,70.31,190.5,Ortodoxo,26.0,6.97,0.46,4.36,0.57,0.0,0.0,0.85,0.4
272,Carlston Harris,Estados Unidos,19.0,5.0,182.88,77.11,193.04,Ortodoxo,36.0,2.93,0.49,2.44,0.53,2.05,0.29,0.55,0.8
273,Jake Hadley,Estados Unidos,10.0,2.0,170.18,56.7,177.8,Zurdo,27.0,3.42,0.44,3.2,0.6,0.32,0.25,0.35,2.2
274,Jan Blachowicz,Estados Unidos,29.0,10.0,187.96,92.99,198.12,Ortodoxo,41.0,3.41,0.5,2.91,0.53,1.09,0.5,0.68,0.3
275,Vinicius Salvador,Inglaterra,14.0,6.0,170.18,56.7,177.8,Zurdo,27.0,5.44,0.42,6.05,0.49,0.38,0.11,0.86,0.0
276,Jai Herbert,Inglaterra,12.0,5.0,185.42,70.31,195.58,Ortodoxo,35.0,2.69,0.41,3.15,0.45,0.2,0.1,0.57,0.0
277,Lerone Murphy,Inglaterra,13.0,0.0,175.26,65.77,185.42,Ortodoxo,32.0,3.65,0.5,2.4,0.56,1.29,0.46,0.46,0.9
278,Davey Grant,Perú,15.0,7.0,172.72,61.23,175.26,Ortodoxo,38.0,4.77,0.42,3.82,0.55,1.26,0.41,0.61,0.2
279,Daniel Marcos,Inglaterra,15.0,0.0,170.18,61.23,175.26,Ortodoxo,31.0,5.75,0.5,4.0,0.66,0.33,0.5,0.89,0.0
280,Joel Alvarez,Uzbekistán,20.0,3.0,190.5,70.31,195.58,Ortodoxo,31.0,3.65,0.46,3.37,0.5,0.0,0.0,0.11,1.3
281,Makhmud Muradov,Brasil,26.0,8.0,187.96,83.91,190.5,Ortodoxo,34.0,4.21,0.43,2.57,0.61,3.03,0.66,0.77,0.2
282,Shauna Bannon,España,5.0,1.0,165.1,52.16,165.1,Ambidiestro,30.0,3.6,0.37,3.73,0.37,0.0,0.0,0.33,0.0
283,Bassil Hafez,Alemania,8.0,4.0,180.34,77.11,182.88,Ortodoxo,32.0,2.13,0.25,5.53,0.39,3.0,0.15,0.5,0.0
284,Albert Duraev,Brasil,16.0,5.0,180.34,83.91,190.5,Ortodoxo,35.0,2.99,0.4,3.01,0.59,1.97,0.29,0.66,0.6
285,Tucker Lutz,Armenia,12.0,4.0,172.72,65.77,182.88,Ortodoxo,29.0,3.74,0.46,3.25,0.44,1.99,0.44,0.69,0.2
286,Istela Nunes,Estados Unidos,6.0,5.0,162.56,52.16,167.64,Ortodoxo,31.0,5.02,0.45,4.84,0.6,0.0,0.0,0.5,0.0
287,Carl Deaton,Estados Unidos,17.0,7.0,170.18,70.31,175.26,Ortodoxo,34.0,1.53,0.31,1.85,0.61,0.0,0.0,0.5,0.0
288,Ashlee Evans-Smith,Nueva Zelanda,6.0,6.0,172.72,61.23,170.18,Ortodoxo,36.0,4.03,0.34,4.59,0.53,0.95,0.22,0.5,0.0
289,Dan Hooker,Estados Unidos,23.0,12.0,182.88,70.31,190.5,Ambidiestro,34.0,5.08,0.48,4.76,0.51,0.79,0.34,0.8,0.4
290,Bo Nickal,Estados Unidos,5.0,0.0,185.42,83.91,193.04,Zurdo,28.0,2.76,0.62,0.55,0.75,11.04,0.5,0.0,13.8
291,Robbie Lawler,Estados Unidos,30.0,16.0,180.34,77.11,187.96,Zurdo,42.0,3.85,0.47,4.67,0.59,0.65,0.64,0.65,0.0
292,Niko Price,Australia,15.0,7.0,182.88,77.11,193.04,Ortodoxo,34.0,5.46,0.42,5.6,0.48,0.7,0.2,0.64,0.7
293,Kamuela Kirk,Argentina,12.0,6.0,177.8,70.31,190.5,Ambidiestro,29.0,3.22,0.5,5.87,0.4,1.5,0.26,0.47,1.2
294,Esteban Ribovics,Rusia,12.0,1.0,177.8,70.31,175.26,Ortodoxo,27.0,6.16,0.52,3.4,0.52,0.95,0.66,0.6,0.5
295,Damir Ismagulov,Brasil,24.0,3.0,177.8,70.31,187.96,Ortodoxo,33.0,3.36,0.42,2.44,0.61,1.0,0.28,0.7,0.0
296,Ismael Bonfim,Uzbekistán,19.0,4.0,172.72,70.31,180.34,Ortodoxo,28.0,4.91,0.57,2.66,0.76,1.11,0.28,0.81,0.0
297,Nursulton Ruziboev,Estados Unidos,33.0,8.0,195.58,83.91,193.04,Ortodoxo,30.0,4.68,0.66,2.34,0.4,11.69,1.0,0.0,0.0
298,Alexandr Romanov,Bulgaria,17.0,2.0,187.96,118.84,190.5,Zurdo,33.0,4.06,0.52,2.2,0.5,4.32,0.54,0.2,0.9
299,David Onama,Colombia,11.0,2.0,180.34,65.77,187.96,Ortodoxo,29.0,5.38,0.46,5.48,0.51,0.87,0.18,0.45,0.3
300,Phil Rowe,Kazajistán,10.0,4.0,190.5,77.11,203.2,Ortodoxo,33.0,3.94,0.52,4.32,0.54,0.85,0.4,0.59,0.4
301,Zhalgas Zhumagulov,Italia,14.0,9.0,162.56,56.7,167.64,Ambidiestro,35.0,5.24,0.43,5.86,0.52,1.3,0.19,0.75,0.2
302,Marvin Vettori,Estados Unidos,19.0,7.0,182.88,83.91,187.96,Zurdo,30.0,4.56,0.45,4.24,0.56,1.66,0.45,0.69,0.5
303,Gabriella Fernandes,Brasil,8.0,3.0,167.64,56.7,167.64,Zurdo,30.0,1.63,0.47,2.7,0.47,0.0,0.0,0.61,0.0
304,Amanda Nunes,Brasil,23.0,5.0,172.72,61.23,175.26,Ortodoxo,35.0,4.55,0.51,2.62,0.57,2.73,0.54,0.82,0.7
305,Adam Fugitt,Estados Unidos,9.0,4.0,185.42,77.11,195.58,Zurdo,35.0,4.3,0.54,5.13,0.48,3.43,0.33,0.5,0.0
306,Maria Oliveira,Nueva Zelanda,13.0,7.0,167.64,52.16,175.26,Ortodoxo,27.0,5.03,0.38,5.76,0.44,0.95,0.44,0.47,0.0
307,Kai Kara-France,Irak,24.0,11.0,162.56,56.7,175.26,Ortodoxo,31.0,4.57,0.39,3.24,0.65,0.63,0.33,0.88,0.0
308,Amir Albazi,Estados Unidos,17.0,1.0,165.1,56.7,172.72,Ortodoxo,30.0,2.8,0.39,3.07,0.63,1.71,0.33,0.4,0.7
309,Jesse Butler,Brasil,12.0,5.0,177.8,65.77,185.42,Ortodoxo,31.0,2.61,0.14,7.83,0.4,0.0,0.0,0.0,0.0
310,Ketlen Souza,Rusia,13.0,4.0,160.02,52.16,160.02,Ortodoxo,29.0,0.0,0.0,1.71,0.7,0.0,0.0,0.0,0.0
311,Abubakar Nurmagomedov,Brasil,17.0,4.0,180.34,77.11,182.88,Ortodoxo,34.0,2.78,0.53,2.61,0.65,1.25,0.22,0.88,0.0
312,Elizeu Zaleski dos Santos,Puerto Rico,24.0,7.0,180.34,77.11,185.42,Ortodoxo,37.0,4.52,0.42,3.33,0.57,0.43,0.13,0.68,0.4
313,Luan Lacerda,Rusia,12.0,3.0,170.18,61.23,180.34,Ortodoxo,31.0,4.52,0.44,7.07,0.47,1.26,0.25,0.75,0.6
314,Maxim Grishin,Uruguay,32.0,10.0,190.5,92.99,198.12,Ortodoxo,39.0,3.26,0.52,2.27,0.58,0.21,0.16,0.66,0.0
315,Orion Cosce,Suecia,8.0,2.0,180.34,77.11,180.34,Ambidiestro,29.0,2.77,0.53,4.02,0.44,1.92,0.4,0.61,0.0
316,Nick Fiore,Estados Unidos,6.0,2.0,177.8,70.31,182.88,Ortodoxo,26.0,2.83,0.46,7.93,0.42,2.5,0.45,0.71,0.0
317,Daniel Rodriguez,Estados Unidos,17.0,4.0,185.42,77.11,187.96,Zurdo,37.0,7.3,0.5,5.28,0.56,0.62,0.5,0.63,0.1
318,Matt Brown,Estados Unidos,26.0,19.0,182.88,77.11,190.5,Ortodoxo,43.0,3.76,0.55,2.92,0.55,1.68,0.46,0.63,1.3
319,Court McGee,Estados Unidos,22.0,12.0,180.34,77.11,190.5,Ortodoxo,39.0,4.63,0.37,3.68,0.6,1.89,0.25,0.69,0.4
320,Chase Sherman,Estados Unidos,16.0,12.0,193.04,113.4,198.12,Ortodoxo,34.0,6.04,0.45,6.65,0.52,0.09,0.5,0.74,0.0
321,Cody Stamann,Brasil,21.0,6.0,167.64,61.23,162.56,Ortodoxo,34.0,4.39,0.47,3.63,0.62,2.34,0.39,0.76,0.0
322,Douglas Silva de Andrade,Corea del Sur,29.0,5.0,170.18,61.23,172.72,Ortodoxo,38.0,3.66,0.38,3.99,0.58,0.61,0.46,0.7,0.2
323,Gabe Green,Australia,11.0,5.0,177.8,70.31,185.42,Ambidiestro,30.0,6.28,0.45,6.95,0.47,0.83,0.5,0.53,0.3
324,Jessica-Rose Clark,Estados Unidos,11.0,9.0,165.1,61.23,162.56,Ortodoxo,36.0,3.73,0.51,3.51,0.58,1.66,0.42,0.62,0.3
325,Belal Muhammad,China,23.0,3.0,180.34,77.11,182.88,Ortodoxo,35.0,4.55,0.43,3.64,0.57,1.98,0.35,0.93,0.2
326,Yan Xiaonan,Brasil,17.0,3.0,165.1,52.16,160.02,Ortodoxo,34.0,5.55,0.44,3.56,0.61,0.86,0.66,0.7,0.0
327,Kron Gracie,Estados Unidos,5.0,2.0,175.26,65.77,177.8,Zurdo,35.0,3.74,0.44,6.82,0.53,0.47,0.25,0.0,0.5
328,Khaos Williams,Brasil,14.0,3.0,182.88,77.11,195.58,Ortodoxo,29.0,5.77,0.39,5.33,0.42,0.0,0.0,0.8,0.0
329,Brogan Walker,Brasil,8.0,4.0,162.56,56.7,170.18,Ambidiestro,35.0,2.04,0.3,3.7,0.47,0.0,0.0,0.11,0.0
330,Rani Yahya,Estados Unidos,28.0,11.0,167.64,61.23,170.18,Ortodoxo,39.0,1.59,0.37,1.77,0.5,2.86,0.32,0.24,1.9
331,Batgerel Danaa,Rusia,12.0,5.0,170.18,61.23,177.8,Ortodoxo,34.0,5.38,0.36,4.21,0.47,0.52,0.5,0.62,0.0
332,Rafa Garcia,Brasil,16.0,3.0,170.18,70.31,177.8,Ortodoxo,29.0,4.19,0.42,4.21,0.61,3.61,0.44,0.79,0.3
333,Zak Cummings,Estados Unidos,25.0,7.0,182.88,92.99,190.5,Zurdo,39.0,2.96,0.35,2.91,0.55,0.62,0.28,0.66,0.6
334,Piera Rodriguez,Estados Unidos,9.0,1.0,160.02,52.16,160.02,Ortodoxo,31.0,3.46,0.46,2.98,0.57,3.31,0.41,0.66,0.0
335,Aaron Phillips,Estados Unidos,12.0,5.0,175.26,61.23,180.34,Zurdo,34.0,1.51,0.53,3.66,0.43,0.86,0.5,0.44,0.6
336,Jorge Masvidal,Argentina,35.0,17.0,180.34,77.11,187.96,Ortodoxo,39.0,4.05,0.47,3.05,0.64,1.38,0.59,0.72,0.3
337,Santiago Ponzinibbio,Estados Unidos,30.0,7.0,182.88,77.11,185.42,Ortodoxo,37.0,4.9,0.41,4.67,0.61,0.48,0.3,0.6,0.0
338,Cynthia Calvillo,China,9.0,6.0,162.56,52.16,162.56,Ortodoxo,36.0,4.41,0.38,4.12,0.64,1.8,0.44,0.77,0.8
339,Shayilan Nuerdanbieke,Estados Unidos,39.0,11.0,172.72,65.77,175.26,Ortodoxo,29.0,2.28,0.45,2.94,0.5,2.9,0.33,0.4,0.0
340,Holly Holm,Estados Unidos,15.0,6.0,172.72,61.23,175.26,Zurdo,42.0,3.21,0.4,2.79,0.56,0.9,0.3,0.78,0.1
341,Steven Peterson,Islandia,19.0,11.0,177.8,65.77,177.8,Ortodoxo,33.0,4.76,0.4,5.94,0.53,1.42,0.26,0.64,0.7
342,Gunnar Nelson,Gales,19.0,5.0,180.34,77.11,182.88,Ambidiestro,35.0,1.84,0.61,3.0,0.49,1.9,0.59,0.66,1.0
343,Jack Shore,Finlandia,17.0,1.0,172.72,65.77,180.34,Ortodoxo,29.0,3.84,0.58,2.2,0.57,3.42,0.4,0.79,0.7
344,Dusko Todorovic,Ucrania,12.0,4.0,185.42,83.91,187.96,Ortodoxo,29.0,5.54,0.57,4.55,0.46,0.96,0.12,0.45,0.0
345,Nikita Krylov,Argentina,30.0,9.0,190.5,92.99,195.58,Ortodoxo,32.0,4.38,0.55,2.47,0.44,2.29,0.38,0.53,1.4
346,Victor Henry,Estados Unidos,23.0,6.0,170.18,61.23,172.72,Ambidiestro,36.0,8.26,0.54,5.95,0.47,0.0,0.0,0.78,0.6
347,Tony Gravely,Estados Unidos,23.0,9.0,165.1,61.23,175.26,Ortodoxo,32.0,3.82,0.48,4.47,0.44,5.4,0.41,0.52,0.3
348,Jon Jones,México,27.0,1.0,193.04,112.49,213.36,Ortodoxo,36.0,4.29,0.57,2.22,0.64,1.93,0.45,0.95,0.5
349,Valentina Shevchenko,Estados Unidos,23.0,4.0,165.1,56.7,167.64,Zurdo,36.0,3.28,0.52,2.11,0.62,2.56,0.63,0.71,0.4
350,Alexa Grasso,Estados Unidos,16.0,3.0,165.1,56.7,167.64,Ortodoxo,30.0,4.67,0.43,3.95,0.58,0.41,0.45,0.59,0.6
351,Trevin Jones,Estados Unidos,13.0,10.0,170.18,61.23,177.8,Zurdo,33.0,2.13,0.37,4.29,0.39,0.62,0.15,0.6,0.2
352,Julian Marquez,Estados Unidos,9.0,4.0,187.96,83.91,182.88,Ortodoxo,33.0,4.86,0.44,4.99,0.51,0.0,0.0,0.53,2.6
353,Mana Martinez,Brasil,10.0,4.0,177.8,61.23,177.8,Ortodoxo,28.0,4.33,0.48,4.94,0.5,0.72,0.42,0.25,0.5
354,Augusto Sakai,Argentina,16.0,5.0,190.5,120.2,195.58,Ortodoxo,32.0,4.6,0.49,3.83,0.48,0.23,0.4,0.56,0.0
355,Rafael Alves,Estados Unidos,20.0,12.0,172.72,70.31,172.72,Ortodoxo,33.0,1.85,0.48,3.3,0.58,0.29,0.25,0.44,1.5
356,Nurullo Aliev,Estados Unidos,9.0,0.0,177.8,70.31,182.88,Ortodoxo,23.0,2.5,0.51,0.46,0.59,3.06,0.44,0.0,0.0
357,Juancamilo Ronderos,Rusia,4.0,2.0,160.02,56.7,162.56,Zurdo,29.0,2.18,0.3,2.18,0.63,2.72,0.33,0.0,0.0
358,Yizha,Brasil,25.0,4.0,170.18,65.77,180.34,Ortodoxo,27.0,2.82,0.44,2.2,0.54,4.55,0.32,0.59,1.4
359,SeungGuk Choi,Estados Unidos,7.0,3.0,167.64,56.7,162.56,Ortodoxo,27.0,2.69,0.42,2.69,0.65,1.02,0.27,0.74,0.0
360,Glover Teixeira,Estados Unidos,33.0,9.0,187.96,92.99,193.04,Ortodoxo,44.0,3.73,0.49,4.43,0.51,2.11,0.33,0.6,0.9
361,Jamahal Hill,Brasil,12.0,1.0,193.04,92.99,200.66,Zurdo,32.0,7.31,0.54,3.35,0.47,0.0,0.0,0.73,0.0
362,Lauren Murphy,Túnez,16.0,6.0,165.1,56.7,170.18,Ortodoxo,40.0,4.05,0.39,5.25,0.55,1.03,0.25,0.69,0.1
363,Mauricio Rua,Rusia,27.0,14.0,185.42,92.99,193.04,Ortodoxo,42.0,3.57,0.5,2.79,0.54,2.01,0.48,0.49,0.7
364,Allan Nascimento,Estados Unidos,20.0,6.0,172.72,56.7,175.26,Ortodoxo,32.0,3.21,0.61,2.28,0.5,1.55,0.26,0.16,0.9
365,Cheyanne Vlismas,Kazajistán,7.0,3.0,160.02,52.16,160.02,Ambidiestro,28.0,4.93,0.5,2.57,0.64,0.25,0.33,0.66,0.2
366,Saidyokub Kakhramonov,Inglaterra,10.0,3.0,172.72,61.23,175.26,Ortodoxo,28.0,2.05,0.51,0.88,0.58,6.63,0.48,0.83,1.9
367,Darren Till,Congo,18.0,5.0,182.88,83.91,187.96,Zurdo,31.0,2.3,0.46,3.31,0.56,0.55,0.46,0.69,0.0
368,Dalcha Lungiambula,Estados Unidos,11.0,6.0,172.72,83.91,193.04,Ortodoxo,36.0,3.07,0.45,3.93,0.52,2.14,0.45,0.77,0.0
369,Scott Holtzman,Estados Unidos,14.0,6.0,175.26,70.31,175.26,Ortodoxo,40.0,4.32,0.47,3.66,0.55,1.88,0.56,0.67,0.2
370,Ricky Turcios,Estados Unidos,13.0,3.0,175.26,61.23,180.34,Ortodoxo,30.0,5.08,0.37,3.7,0.55,1.0,0.25,0.45,0.2
371,Kevin Natividad,Estados Unidos,9.0,4.0,167.64,61.23,177.8,Ortodoxo,30.0,2.68,0.34,4.29,0.47,3.66,0.5,0.83,0.0
372,Carla Esparza,Estados Unidos,20.0,7.0,154.94,52.16,160.02,Ortodoxo,36.0,2.16,0.4,2.69,0.55,3.22,0.35,0.47,0.3
373,Michael Chandler,Nueva Zelanda,23.0,8.0,172.72,70.31,180.34,Ortodoxo,37.0,4.89,0.46,4.58,0.46,2.17,0.38,0.71,0.9
374,Frankie Edgar,Estados Unidos,23.0,11.0,167.64,61.23,172.72,Ortodoxo,42.0,3.77,0.4,2.82,0.65,2.29,0.31,0.65,0.3
375,Dominick Reyes,Estados Unidos,12.0,4.0,193.04,92.99,195.58,Zurdo,34.0,4.75,0.5,3.77,0.48,0.36,0.28,0.8,0.4
376,Silvana Gomez Juarez,Estados Unidos,11.0,5.0,160.02,52.16,165.1,Ortodoxo,39.0,4.26,0.32,4.04,0.61,0.0,0.0,0.3,0.0
377,Michael Trizano,Rumanía,11.0,3.0,180.34,65.77,180.34,Ortodoxo,32.0,3.63,0.53,4.4,0.5,0.36,0.66,0.72,0.5
378,Julio Arce,Estados Unidos,18.0,6.0,170.18,65.77,177.8,Zurdo,34.0,4.38,0.36,3.1,0.68,0.49,0.3,0.95,0.4
379,Nicolae Negumereanu,Estados Unidos,13.0,2.0,182.88,92.99,198.12,Ortodoxo,29.0,3.58,0.41,5.56,0.39,1.02,0.28,0.62,0.0
380,Carlos Candelario,Estados Unidos,8.0,3.0,172.72,56.7,172.72,Zurdo,32.0,3.97,0.46,5.17,0.44,2.28,0.36,0.53,0.3
381,Ramona Pascual,Estados Unidos,6.0,5.0,170.18,61.23,167.64,Zurdo,35.0,3.87,0.57,8.43,0.46,1.81,0.19,1.0,0.0
382,Carlos Mota,Estados Unidos,8.0,2.0,162.56,56.7,175.26,Ortodoxo,28.0,0.8,0.41,1.13,0.54,0.0,0.0,0.5,1.0
383,TJ Dillashaw,Canadá,18.0,5.0,167.64,61.23,170.18,Ortodoxo,38.0,5.09,0.41,3.47,0.62,1.56,0.3,0.77,0.8
384,Gadzhi Omargadzhiev,Estados Unidos,13.0,2.0,185.42,77.11,180.34,Ambidiestro,31.0,1.8,0.39,2.2,0.39,1.35,0.3,0.6,0.5
385,Misha Cirkunov,Estados Unidos,15.0,9.0,190.5,92.99,195.58,Ortodoxo,37.0,3.86,0.51,3.06,0.57,4.15,0.39,0.76,1.7
386,Brandon Davis,Inglaterra,14.0,10.0,177.8,61.23,182.88,Ortodoxo,33.0,4.68,0.35,4.62,0.58,0.74,0.42,0.57,0.1
387,Nick Maximov,Brasil,8.0,2.0,182.88,83.91,193.04,Zurdo,26.0,1.93,0.45,2.64,0.46,4.16,0.45,0.35,0.2
388,Mike Jackson,Rusia,1.0,2.0,187.96,77.11,187.96,Ortodoxo,39.0,4.49,0.57,3.73,0.62,0.71,0.33,0.88,0.0
389,Aleksei Oleinik,Polonia,60.0,17.0,187.96,108.86,203.2,Ortodoxo,46.0,3.29,0.48,3.8,0.44,1.82,0.46,0.37,1.9
390,Jesse Ronson,Estados Unidos,21.0,12.0,177.8,70.31,177.8,Zurdo,38.0,3.54,0.47,3.39,0.57,0.46,0.28,0.57,0.5
391,Alen Amedovski,Kazajistán,8.0,4.0,177.8,83.91,187.96,Ortodoxo,35.0,0.99,0.3,3.85,0.46,0.0,0.0,0.0,0.0
392,Mariya Agapova,Estados Unidos,10.0,4.0,167.64,56.7,172.72,Zurdo,26.0,4.67,0.55,3.82,0.52,0.59,0.66,0.47,0.9
393,Cameron VanCamp,China,15.0,7.0,187.96,70.31,187.96,Ambidiestro,30.0,5.31,0.47,6.41,0.4,0.0,0.0,0.0,0.0
394,Nate Diaz,Estados Unidos,22.0,13.0,182.88,77.11,193.04,Zurdo,38.0,4.57,0.45,3.77,0.52,1.05,0.3,0.41,1.3
395,Melissa Martinez,Italia,7.0,1.0,157.48,52.16,167.64,Zurdo,26.0,3.0,0.57,2.53,0.45,1.0,0.5,0.0,0.0
396,Alessio Di Chirico,Alemania,13.0,7.0,182.88,83.91,187.96,Ortodoxo,34.0,3.32,0.39,3.44,0.61,1.46,0.39,0.83,0.0
397,Michal Figlak,Estados Unidos,8.0,1.0,177.8,70.31,177.8,Ortodoxo,27.0,1.87,0.29,4.0,0.44,1.0,0.2,0.57,0.0
398,Luke Rockhold,China,16.0,6.0,190.5,83.91,195.58,Zurdo,39.0,4.1,0.49,2.68,0.53,0.7,0.29,0.65,1.0
399,Wu Yanan,Brasil,13.0,6.0,172.72,61.23,167.64,Ortodoxo,27.0,4.23,0.41,4.95,0.49,0.62,0.3,0.63,0.2
400,Leonardo Santos,Estados Unidos,18.0,7.0,182.88,70.31,190.5,Ortodoxo,44.0,2.82,0.46,3.4,0.54,0.88,0.25,0.86,0.2
401,Francisco Figueiredo,Estados Unidos,13.0,5.0,167.64,56.7,172.72,Zurdo,34.0,2.04,0.61,2.59,0.61,2.51,0.75,0.76,0.4
402,Nina Nunes,Estados Unidos,11.0,7.0,165.1,56.7,162.56,Ortodoxo,38.0,4.39,0.45,3.47,0.55,0.24,0.33,0.73,0.5
403,Charlie Ontiveros,Brasil,11.0,9.0,187.96,70.31,187.96,Ambidiestro,32.0,1.89,0.41,5.86,0.31,0.0,0.0,0.3,0.0
404,Jason Witt,Estados Unidos,19.0,9.0,177.8,77.11,177.8,Ortodoxo,37.0,2.15,0.44,2.54,0.52,6.9,0.48,1.0,0.9
405,Thiago Santos,Estados Unidos,22.0,11.0,187.96,92.99,193.04,Ortodoxo,40.0,3.72,0.48,2.57,0.53,0.88,0.33,0.65,0.1
406,Miranda Granger,Suecia,7.0,3.0,170.18,52.16,172.72,Ortodoxo,31.0,2.79,0.47,2.57,0.57,0.0,0.0,0.33,0.0
407,Julianna Pena,Estados Unidos,12.0,5.0,167.64,61.23,175.26,Ortodoxo,34.0,3.16,0.47,2.3,0.5,1.94,0.55,0.23,0.8
408,Mason Jones,Estados Unidos,11.0,2.0,177.8,70.31,187.96,Ortodoxo,28.0,5.61,0.44,4.94,0.46,3.16,0.45,0.8,0.0
409,Damir Hadzovic,España,14.0,7.0,175.26,70.31,177.8,Ortodoxo,37.0,3.36,0.48,3.26,0.62,0.78,0.55,0.34,0.2
410,Charles Rosa,Estados Unidos,14.0,8.0,175.26,65.77,175.26,Ambidiestro,37.0,3.08,0.36,3.86,0.47,1.67,0.35,0.38,1.0
411,Shane Burgos,Estados Unidos,15.0,3.0,180.34,65.77,190.5,Ortodoxo,33.0,7.4,0.52,6.78,0.56,0.43,0.44,0.91,0.4
412,Herbert Burns,Kirguistán,11.0,4.0,175.26,65.77,185.42,Ortodoxo,36.0,1.61,0.51,4.74,0.3,3.92,0.75,0.6,3.3
413,Dwight Grant,Estados Unidos,11.0,6.0,185.42,83.91,193.04,Ambidiestro,39.0,3.29,0.36,2.66,0.6,0.61,1.0,0.66,0.0
414,Antonina Shevchenko,Estados Unidos,10.0,4.0,172.72,56.7,170.18,Zurdo,39.0,3.86,0.55,2.93,0.52,0.43,0.42,0.53,0.4
415,Karl Roberson,Estados Unidos,9.0,6.0,185.42,92.99,187.96,Zurdo,33.0,2.57,0.51,2.42,0.57,0.72,0.4,0.42,0.5
416,Ronnie Lawrence,Jamaica,8.0,2.0,172.72,61.23,172.72,Ambidiestro,31.0,2.78,0.56,1.75,0.52,6.75,0.77,0.45,0.2
417,Donald Cerrone,Estados Unidos,36.0,17.0,185.42,70.31,185.42,Ortodoxo,40.0,4.41,0.46,4.48,0.53,1.16,0.33,0.73,1.2
418,Jessica Eye,Brasil,15.0,11.0,167.64,56.7,167.64,Ortodoxo,37.0,3.86,0.37,4.19,0.55,0.58,0.4,0.57,0.5
419,Alan Baudot,Estados Unidos,8.0,3.0,190.5,110.22,200.66,Ortodoxo,36.0,5.36,0.58,4.82,0.46,0.0,0.0,0.62,0.0
420,Raulian Paiva,Estados Unidos,21.0,5.0,172.72,61.23,175.26,Ortodoxo,28.0,4.14,0.42,5.01,0.48,0.65,0.23,0.77,0.2
421,Tony Kelley,Brasil,8.0,3.0,175.26,61.23,177.8,Ambidiestro,37.0,5.55,0.47,4.85,0.45,0.0,0.0,0.52,1.4
422,Danny Chavez,Estados Unidos,11.0,5.0,172.72,65.77,170.18,Ortodoxo,37.0,2.86,0.38,3.83,0.5,1.95,0.6,0.87,0.0
423,Gloria de Paula,Estados Unidos,6.0,5.0,165.1,52.16,170.18,Ortodoxo,28.0,4.89,0.53,3.77,0.66,0.74,0.37,0.65,0.5
424,Eddie Wineland,Polonia,24.0,16.0,170.18,61.23,175.26,Ortodoxo,39.0,3.4,0.29,3.76,0.68,0.34,0.33,0.86,0.1
425,Deron Winn,Rusia,7.0,3.0,167.64,83.91,177.8,Ortodoxo,34.0,4.55,0.44,6.21,0.46,4.28,0.52,0.4,0.0
426,Joanna Jedrzejczyk,Brasil,16.0,5.0,167.64,52.16,165.1,Ortodoxo,36.0,6.28,0.48,3.25,0.62,0.27,0.62,0.8,0.1
427,Ramazan Emeev,Uzbekistán,20.0,6.0,177.8,77.11,193.04,Zurdo,36.0,2.53,0.45,2.14,0.65,2.37,0.29,0.66,0.7
428,Zarrukh Adashev,Estados Unidos,4.0,4.0,165.1,56.7,165.1,Zurdo,31.0,3.65,0.4,3.04,0.64,0.0,0.0,1.0,0.5
429,Alex Da Silva,Estados Unidos,21.0,4.0,172.72,70.31,185.42,Ortodoxo,28.0,2.14,0.46,2.52,0.56,1.97,0.43,0.76,0.3
430,Niklas Stolze,Grecia,12.0,6.0,185.42,70.31,187.96,Ambidiestro,31.0,2.12,0.48,2.25,0.49,0.66,1.0,0.55,0.7
431,Jeff Molina,Brasil,11.0,2.0,167.64,56.7,175.26,Ortodoxo,26.0,7.25,0.48,5.04,0.55,0.0,0.0,0.66,0.0
432,Felipe Colares,Estados Unidos,10.0,4.0,172.72,65.77,175.26,Ortodoxo,29.0,2.17,0.45,4.65,0.36,1.88,0.24,0.43,0.5
433,Louis Smolka,Inglaterra,17.0,9.0,175.26,61.23,172.72,Ortodoxo,32.0,4.67,0.47,4.11,0.53,1.69,0.35,0.32,1.8
434,Frank Camacho,Brasil,22.0,10.0,177.8,70.31,185.42,Ortodoxo,34.0,6.56,0.46,7.44,0.51,1.11,0.31,0.73,0.0
435,Ariane Carnelossi,Estados Unidos,14.0,3.0,157.48,52.16,154.94,Ortodoxo,31.0,3.04,0.4,4.72,0.43,1.62,0.55,0.08,0.3
436,Gina Mazany,Estados Unidos,7.0,6.0,167.64,56.7,172.72,Zurdo,35.0,3.73,0.5,3.52,0.5,4.34,0.52,0.33,0.2
437,Cameron Else,España,10.0,6.0,175.26,61.23,180.34,Ambidiestro,36.0,1.99,0.4,8.09,0.51,0.0,0.0,0.0,0.0
438,TJ Laramie,Estados Unidos,12.0,5.0,167.64,65.77,167.64,Ortodoxo,26.0,1.49,0.5,2.64,0.38,1.44,0.33,0.4,0.0
439,Brandon Jenkins,Estados Unidos,15.0,9.0,182.88,70.31,180.34,Ambidiestro,32.0,2.93,0.41,8.05,0.33,0.0,0.0,0.27,0.0
440,Kevin Croom,Estados Unidos,21.0,15.0,180.34,61.23,185.42,Ortodoxo,36.0,2.65,0.34,3.1,0.41,0.48,0.05,0.3,0.5
441,Tecia Torres,Estados Unidos,13.0,6.0,154.94,52.16,152.4,Ortodoxo,34.0,4.74,0.48,3.59,0.61,0.66,0.14,0.61,0.1
442,Vinc Pichel,Estados Unidos,14.0,3.0,177.8,70.31,182.88,Ortodoxo,41.0,3.56,0.47,2.5,0.58,3.0,0.54,0.23,0.2
443,Aspen Ladd,Estados Unidos,9.0,3.0,167.64,61.23,167.64,Ortodoxo,29.0,3.78,0.47,4.65,0.47,1.56,0.47,0.62,0.6
444,Mickey Gall,Rusia,7.0,5.0,187.96,77.11,187.96,Ambidiestro,32.0,2.94,0.46,4.25,0.49,1.21,0.3,0.36,1.9
445,Kay Hansen,Estados Unidos,7.0,6.0,157.48,52.16,160.02,Ortodoxo,24.0,3.01,0.5,3.19,0.51,1.83,0.22,0.37,0.8
446,Aliaskhab Khizriev,Brasil,14.0,0.0,175.26,83.91,187.96,Zurdo,33.0,6.01,0.64,4.38,0.61,5.64,0.6,1.0,3.8
447,Luis Saldana,México,16.0,7.0,180.34,65.77,185.42,Ortodoxo,33.0,5.16,0.5,3.65,0.6,0.64,0.17,0.44,0.2
448,Kazula Vargas,Rusia,12.0,5.0,172.72,70.31,180.34,Zurdo,38.0,3.65,0.53,1.77,0.57,0.4,0.25,0.3,0.4
449,Mike Grundy,Brasil,12.0,4.0,170.18,65.77,182.88,Ortodoxo,37.0,2.09,0.45,4.45,0.56,4.06,0.28,0.5,0.4
450,Timur Valiev,Colombia,18.0,3.0,167.64,61.23,170.18,Ortodoxo,34.0,5.19,0.53,3.33,0.45,1.73,0.4,0.55,0.3
451,Sabina Mazo,Brasil,9.0,4.0,170.18,56.7,177.8,Ortodoxo,27.0,6.1,0.43,4.35,0.57,0.65,0.8,0.59,0.2
452,Kris Moutinho,Estados Unidos,9.0,6.0,170.18,61.23,172.72,Zurdo,31.0,4.86,0.32,15.48,0.28,0.0,0.0,0.0,0.0
453,Alex Oliveira,Estados Unidos,22.0,12.0,180.34,77.11,193.04,Ortodoxo,36.0,2.99,0.51,2.55,0.46,2.35,0.38,0.63,0.6
454,Rongzhu,Estados Unidos,25.0,5.0,175.26,70.31,182.88,Ortodoxo,24.0,5.47,0.5,5.6,0.45,2.09,0.62,0.85,0.2
455,Ramiz Brahimaj,Estados Unidos,10.0,4.0,177.8,77.11,182.88,Ortodoxo,31.0,2.47,0.41,4.08,0.5,1.9,0.66,0.58,2.4
456,Mark Striegl,Estados Unidos,18.0,4.0,172.72,65.77,177.8,Zurdo,35.0,1.4,0.45,4.07,0.4,0.0,0.0,0.66,0.0
457,Jesse Strader,Estados Unidos,5.0,3.0,170.18,61.23,177.8,Ortodoxo,32.0,5.03,0.51,5.28,0.47,3.87,0.57,1.0,0.0
458,Roxanne Modafferi,Canadá,25.0,21.0,170.18,56.7,175.26,Ortodoxo,41.0,3.35,0.3,5.7,0.51,1.35,0.23,0.3,0.1
459,Fabio Cherant,Brasil,7.0,4.0,185.42,92.99,187.96,Zurdo,29.0,1.35,0.4,4.89,0.38,0.0,0.0,0.0,0.0
460,Alexis Davis,Francia,21.0,11.0,167.64,61.23,172.72,Ortodoxo,39.0,4.63,0.49,4.45,0.54,0.95,0.44,0.34,0.7
461,Rogerio Bontorin,Estados Unidos,16.0,4.0,165.1,56.7,170.18,Ortodoxo,31.0,2.63,0.52,3.27,0.5,2.9,0.6,0.51,1.0
462,Dakota Bush,Estados Unidos,8.0,4.0,177.8,70.31,185.42,Ortodoxo,29.0,2.77,0.38,4.42,0.41,2.4,0.33,0.0,0.0
463,Sijara Eubanks,Estados Unidos,8.0,7.0,162.56,56.7,170.18,Ortodoxo,38.0,4.3,0.43,3.43,0.57,1.9,0.44,0.66,0.3
464,Matt Sayles,Estados Unidos,8.0,4.0,170.18,70.31,172.72,Ortodoxo,30.0,4.83,0.41,2.81,0.61,0.36,0.16,0.81,0.7
465,Ryan Hall,Estados Unidos,9.0,2.0,177.8,65.77,177.8,Zurdo,39.0,2.38,0.5,1.33,0.65,0.22,0.09,0.0,2.2
466,Maki Pitolo,Estados Unidos,13.0,9.0,177.8,83.91,190.5,Ortodoxo,33.0,4.1,0.44,3.93,0.55,2.24,0.52,0.5,0.8
467,Mallory Martin,Estados Unidos,7.0,5.0,162.56,52.16,160.02,Ortodoxo,30.0,4.42,0.48,6.64,0.55,2.28,0.43,0.25,0.3
468,Chris Gruetzemacher,Estados Unidos,15.0,5.0,172.72,70.31,172.72,Ortodoxo,37.0,6.18,0.57,4.96,0.52,0.21,0.5,0.65,0.0
469,Sean Soriano,Canadá,14.0,8.0,175.26,65.77,177.8,Ortodoxo,34.0,3.18,0.61,2.14,0.56,1.33,0.55,0.52,0.0
470,Ben Rothwell,Estados Unidos,39.0,14.0,193.04,120.2,198.12,Ortodoxo,42.0,3.71,0.42,4.63,0.47,0.68,0.34,0.7,0.4
471,Leah Letson,Estados Unidos,5.0,3.0,170.18,65.77,180.34,Zurdo,31.0,3.06,0.41,3.84,0.52,0.51,0.5,0.76,0.0
472,Collin Anglin,Estados Unidos,8.0,3.0,175.26,65.77,180.34,Ortodoxo,31.0,4.59,0.48,5.54,0.51,2.28,0.66,1.0,0.0
473,Al Iaquinta,Estados Unidos,14.0,7.0,177.8,70.31,177.8,Ortodoxo,36.0,4.06,0.4,4.53,0.61,0.63,0.18,0.74,0.2
474,Jordan Williams,Brasil,9.0,6.0,185.42,83.91,190.5,Zurdo,33.0,5.83,0.5,5.46,0.35,1.11,0.5,0.85,0.0
475,Gian Villante,Rusia,17.0,14.0,190.5,104.33,193.04,Ortodoxo,38.0,4.38,0.44,5.47,0.55,0.45,0.23,0.83,0.0
476,John Allan,China,13.0,7.0,185.42,92.99,190.5,Ortodoxo,31.0,3.56,0.42,5.74,0.52,1.4,0.71,0.5,0.8
477,Shamil Gamzatov,Argentina,14.0,1.0,187.96,92.99,193.04,Ortodoxo,33.0,5.35,0.48,3.46,0.51,0.0,0.0,0.5,0.0
478,Hu Yaozong,Estados Unidos,3.0,3.0,190.5,83.91,182.88,Ortodoxo,28.0,3.35,0.48,5.09,0.35,0.0,0.0,0.33,0.4
479,Khama Worthy,Canadá,16.0,9.0,180.34,70.31,187.96,Ortodoxo,37.0,4.18,0.48,4.45,0.46,0.0,0.0,0.57,0.7
480,Zviad Lazishvili,Estados Unidos,13.0,1.0,167.64,61.23,175.26,Ortodoxo,32.0,4.2,0.39,6.13,0.51,0.0,0.0,0.0,0.0
481,Carlos Felipe,Brasil,11.0,2.0,182.88,111.13,190.5,Ortodoxo,29.0,4.88,0.45,5.6,0.5,0.0,0.0,0.72,0.0
482,Bethe Correia,Brasil,11.0,6.0,165.1,61.23,162.56,Ortodoxo,40.0,4.37,0.43,4.93,0.56,0.39,0.18,0.85,0.0
483,Gaetano Pirrello,Estados Unidos,15.0,7.0,170.18,61.23,165.1,Ortodoxo,31.0,0.99,0.55,2.44,0.42,0.0,0.0,0.3,0.0
484,Mike Rodriguez,Estados Unidos,11.0,7.0,193.04,92.99,208.28,Zurdo,35.0,4.35,0.53,4.24,0.41,0.0,0.0,0.37,0.0
485,Sarah Alpar,Estados Unidos,9.0,6.0,162.56,61.23,160.02,Zurdo,32.0,2.36,0.44,6.06,0.38,1.61,0.26,0.2,0.4
486,Impa Kasanganay,Alemania,9.0,2.0,180.34,77.11,190.5,Ortodoxo,30.0,4.96,0.48,3.66,0.58,1.75,0.58,0.66,0.2
487,Emily Whitmire,Brasil,4.0,5.0,165.1,56.7,160.02,Ortodoxo,32.0,2.5,0.31,2.98,0.54,1.9,0.66,0.7,0.5
488,David Zawada,Inglaterra,17.0,7.0,182.88,77.11,190.5,Ortodoxo,33.0,3.84,0.41,4.54,0.55,0.97,0.33,0.57,1.7
489,Luigi Vendramini,Estados Unidos,9.0,3.0,172.72,70.31,185.42,Ortodoxo,28.0,2.82,0.4,3.82,0.57,1.11,0.15,1.0,0.6
490,Darren Stewart,Suecia,12.0,8.0,182.88,92.99,187.96,Ortodoxo,33.0,3.05,0.45,3.29,0.48,1.75,0.45,0.67,0.1
491,Domingo Pilarte,Estados Unidos,8.0,3.0,182.88,61.23,185.42,Zurdo,34.0,1.31,0.47,2.96,0.4,1.2,0.42,0.54,0.8
492,Bea Malecki,Estados Unidos,4.0,1.0,175.26,61.23,187.96,Ortodoxo,32.0,6.84,0.46,6.96,0.62,0.0,0.0,0.78,1.1
493,Anderson Dos Santos,Estados Unidos,21.0,9.0,165.1,61.23,177.8,Ortodoxo,38.0,2.7,0.25,5.37,0.49,0.98,0.14,0.66,0.7
494,Jamey Simmons,Estados Unidos,7.0,4.0,167.64,61.23,177.8,Ortodoxo,31.0,0.79,0.21,1.92,0.74,0.0,0.0,0.5,0.0
495,Ryan Benoit,Estados Unidos,10.0,8.0,165.1,56.7,172.72,Ortodoxo,34.0,2.88,0.39,3.65,0.58,0.28,0.22,0.72,0.4
496,Ian Heinisch,Estados Unidos,14.0,5.0,180.34,83.91,182.88,Ortodoxo,35.0,3.25,0.5,2.98,0.59,1.02,0.17,0.59,0.7
497,Marion Reneau,Irlanda,9.0,8.0,167.64,61.23,172.72,Ortodoxo,46.0,3.2,0.41,3.52,0.59,0.62,0.63,0.5,0.8
498,Jeremy Stephens,Estados Unidos,28.0,19.0,175.26,65.77,180.34,Ortodoxo,37.0,3.17,0.4,3.05,0.58,1.16,0.38,0.65,0.4
499,Conor McGregor,Rusia,22.0,6.0,175.26,70.31,187.96,Zurdo,35.0,5.32,0.49,4.66,0.54,0.67,0.55,0.66,0.1
500,Carlos Condit,Estados Unidos,32.0,14.0,187.96,77.11,190.5,Ortodoxo,39.0,3.66,0.39,2.67,0.55,0.59,0.46,0.38,1.0
501,Roque Martinez,Brasil,15.0,8.0,177.8,113.4,182.88,Ortodoxo,38.0,3.28,0.53,4.9,0.56,0.38,0.5,0.53,0.4
502,Lara Procopio,Estados Unidos,7.0,2.0,162.56,56.7,170.18,Ortodoxo,28.0,5.64,0.58,6.5,0.47,3.15,0.47,0.5,0.3
503,Jacare Souza,Estados Unidos,26.0,10.0,185.42,83.91,182.88,Ortodoxo,44.0,2.53,0.47,2.83,0.62,2.57,0.39,0.57,1.3
504,Kevin Aguilar,Estados Unidos,17.0,5.0,170.18,70.31,185.42,Ortodoxo,35.0,3.96,0.4,4.81,0.52,0.16,0.16,0.78,0.0
505,Luke Sanders,Estados Unidos,13.0,5.0,167.64,61.23,170.18,Zurdo,38.0,6.61,0.52,4.37,0.5,0.71,0.3,0.72,0.2
506,Stefan Sekulic,España,12.0,4.0,182.88,77.11,190.5,Zurdo,32.0,1.83,0.5,2.83,0.64,2.0,0.33,0.25,0.5
507,Bartosz Fabinski,Estados Unidos,15.0,5.0,182.88,77.11,190.5,Ortodoxo,37.0,2.23,0.68,1.46,0.51,7.1,0.7,0.8,0.0
508,Hunter Azure,Estados Unidos,9.0,2.0,172.72,65.77,175.26,Ortodoxo,32.0,3.92,0.53,2.08,0.58,1.97,0.34,0.67,1.3
509,Jordan Griffin,Estados Unidos,18.0,9.0,177.8,65.77,185.42,Zurdo,34.0,2.52,0.46,3.02,0.5,1.45,0.35,0.42,1.9
510,Gustavo Lopez,Australia,12.0,6.0,165.1,61.23,170.18,Ortodoxo,34.0,2.48,0.4,3.87,0.57,1.74,0.41,0.31,0.7
511,Ray Rodriguez,Estados Unidos,16.0,8.0,170.18,61.23,177.8,Ortodoxo,36.0,0.9,0.27,3.89,0.4,1.42,0.5,0.44,0.0
512,Jordan Espinosa,Estados Unidos,15.0,9.0,167.64,56.7,175.26,Ortodoxo,34.0,4.22,0.52,2.94,0.57,0.75,0.28,0.7,0.2
513,Vince Cachero,Holanda,7.0,4.0,167.64,65.77,172.72,Ortodoxo,34.0,3.29,0.45,6.51,0.43,0.0,0.0,0.18,0.5
514,Tom Breese,Canadá,12.0,3.0,190.5,83.91,185.42,Zurdo,32.0,3.34,0.5,2.81,0.6,0.0,0.0,0.7,1.1
515,Vanessa Melo,Estados Unidos,11.0,8.0,165.1,61.23,165.1,Ortodoxo,36.0,3.48,0.3,6.13,0.59,0.0,0.0,0.71,0.0
516,Anthony Pettis,Brasil,24.0,10.0,177.8,70.31,182.88,Ortodoxo,37.0,3.05,0.47,3.44,0.54,0.61,0.5,0.6,1.1
517,Jose Quinonez,Estados Unidos,9.0,5.0,172.72,61.23,175.26,Zurdo,33.0,3.6,0.45,3.0,0.64,2.7,0.47,0.42,0.6
518,Cole Williams,Rusia,11.0,3.0,182.88,77.11,185.42,Ortodoxo,40.0,0.31,0.27,5.34,0.23,0.0,0.0,0.25,0.0
519,Khabib Nurmagomedov,Holanda,29.0,0.0,177.8,70.31,177.8,Ortodoxo,35.0,4.1,0.48,1.75,0.65,5.32,0.48,0.84,0.8
520,Alexander Yakovlev,Estados Unidos,24.0,10.0,190.5,70.31,187.96,Zurdo,39.0,1.74,0.47,2.41,0.58,1.66,0.35,0.72,0.1
521,Gadzhimurad Antigulov,Holanda,20.0,8.0,180.34,92.99,177.8,Ortodoxo,37.0,2.08,0.55,4.21,0.4,5.08,0.36,0.0,1.4
522,Khadis Ibragimov,Italia,8.0,4.0,190.5,92.99,198.12,Ortodoxo,28.0,3.55,0.49,4.26,0.47,0.97,0.3,0.8,0.3
523,Mirsad Bektic,México,13.0,4.0,172.72,65.77,177.8,Ortodoxo,33.0,2.43,0.41,1.8,0.57,3.98,0.52,0.92,0.4
524,Zelim Imadaev,Estados Unidos,8.0,3.0,182.88,77.11,193.04,Ortodoxo,29.0,2.91,0.36,4.35,0.43,0.38,0.5,0.6,0.0
525,Ricardo Lamas,Estados Unidos,20.0,8.0,172.72,65.77,180.34,Ortodoxo,41.0,3.13,0.47,2.87,0.57,1.84,0.33,0.46,0.9
526,Austin Springer,Estados Unidos,12.0,4.0,172.72,65.77,180.34,Ortodoxo,36.0,3.54,0.57,3.15,0.41,3.37,0.4,1.0,0.8
527,Hannah Cifers,Estados Unidos,10.0,7.0,154.94,52.16,157.48,Ortodoxo,31.0,4.99,0.44,5.39,0.52,0.26,1.0,0.64,0.3
528,Frankie Saenz,Brasil,13.0,7.0,167.64,61.23,167.64,Ortodoxo,43.0,3.94,0.47,3.5,0.52,1.74,0.31,0.61,0.1
529,Rogerio Nogueira,Alemania,23.0,10.0,187.96,92.99,190.5,Zurdo,47.0,2.43,0.35,2.34,0.59,0.64,0.44,0.62,0.8
530,Raphael Pessoa,Irlanda,10.0,2.0,190.5,118.84,198.12,Ortodoxo,35.0,2.16,0.26,3.43,0.42,0.0,0.0,1.0,0.0
531,Davi Ramos,Estados Unidos,10.0,4.0,167.64,70.31,177.8,Ortodoxo,37.0,2.64,0.37,3.44,0.56,1.95,0.4,0.83,0.6
532,Roman Bogatov,Estados Unidos,10.0,1.0,172.72,70.31,185.42,Ortodoxo,33.0,3.33,0.42,4.4,0.44,1.0,0.09,0.5,0.0
533,Anthony Rocco Martin,Brasil,17.0,6.0,182.88,77.11,185.42,Ortodoxo,34.0,2.68,0.37,2.59,0.58,0.71,0.27,0.68,1.0
534,Charles Byrd,Estados Unidos,10.0,7.0,177.8,83.91,185.42,Ortodoxo,40.0,3.43,0.55,2.63,0.55,2.5,0.5,0.4,1.5
535,Ray Borg,Cuba,13.0,5.0,162.56,61.23,160.02,Ortodoxo,30.0,1.52,0.52,1.93,0.48,3.89,0.5,0.46,1.0
536,Yoel Romero,Colombia,13.0,5.0,182.88,83.91,185.42,Zurdo,46.0,3.44,0.49,3.05,0.6,1.57,0.3,0.78,0.0
537,Ismail Naurdiev,Rusia,19.0,4.0,177.8,77.11,187.96,Ortodoxo,27.0,3.17,0.52,1.3,0.68,1.25,0.71,0.7,0.2
538,Emil Meek,Estados Unidos,9.0,5.0,180.34,77.11,187.96,Ambidiestro,35.0,2.52,0.39,2.53,0.38,0.25,0.33,0.47,1.0
539,Callan Potter,Estados Unidos,18.0,9.0,182.88,77.11,182.88,Ortodoxo,39.0,3.18,0.5,4.72,0.58,3.29,0.66,1.0,0.0
540,Suman Mokhtarian,Estados Unidos,8.0,5.0,172.72,65.77,182.88,Ortodoxo,31.0,2.21,0.43,6.85,0.48,0.0,0.0,0.0,0.0
541,Trevor Smith,Brasil,15.0,10.0,190.5,83.91,190.5,Ortodoxo,43.0,3.29,0.55,3.31,0.51,1.7,0.32,0.6,0.7
542,Renan Barao,Rusia,34.0,9.0,167.64,65.77,177.8,Ortodoxo,37.0,3.78,0.36,3.9,0.57,1.49,0.41,0.91,0.5
543,Grigory Popov,Estados Unidos,13.0,3.0,170.18,61.23,172.72,Ambidiestro,39.0,3.63,0.37,4.2,0.55,0.0,0.0,0.45,0.0
544,Chance Rencountre,Estados Unidos,14.0,4.0,187.96,77.11,190.5,Zurdo,37.0,1.1,0.2,3.62,0.49,1.35,0.26,0.16,0.3
545,Stevie Ray,Perú,23.0,9.0,177.8,70.31,177.8,Zurdo,34.0,3.73,0.44,2.93,0.54,0.75,0.46,0.55,0.6
546,Alex White,Rusia,13.0,6.0,182.88,70.31,180.34,Zurdo,35.0,3.76,0.42,3.07,0.6,0.92,0.28,0.71,0.5
547,Enrique Barzola,Estados Unidos,17.0,5.0,170.18,65.77,177.8,Ortodoxo,34.0,3.91,0.41,2.97,0.68,4.2,0.45,0.66,0.3
548,Daniel Spitz,Estados Unidos,6.0,3.0,200.66,111.13,208.28,Ortodoxo,33.0,2.6,0.35,5.3,0.46,0.74,0.66,0.0,0.0
549,James Vick,México,13.0,5.0,190.5,70.31,193.04,Ortodoxo,37.0,4.13,0.39,3.31,0.6,0.26,0.33,0.57,0.7
550,Luke Jumeau,Australia,13.0,5.0,180.34,77.11,182.88,Ortodoxo,36.0,2.93,0.43,3.17,0.58,0.25,1.0,0.86,0.0
551,Nadia Kassem,Afganistán,5.0,2.0,165.1,56.7,167.64,Zurdo,28.0,3.13,0.41,4.48,0.48,0.46,0.33,0.4,2.8
552,Siyar Bahadurzada,México,24.0,8.0,180.34,77.11,185.42,Ortodoxo,39.0,2.91,0.4,3.23,0.49,1.32,0.61,0.62,0.3
553,Martin Bravo,México,11.0,3.0,172.72,65.77,180.34,Zurdo,30.0,7.66,0.39,5.72,0.51,2.6,0.35,0.85,0.0
554,Teemu Packalen,Sudáfrica,8.0,3.0,185.42,70.31,190.5,Ortodoxo,36.0,2.57,0.54,3.91,0.47,2.31,0.25,1.0,1.5
555,Derrick Krantz,Estados Unidos,22.0,12.0,177.8,77.11,182.88,Ortodoxo,36.0,2.07,0.37,4.03,0.5,3.18,0.5,0.0,0.8
556,Andre Soukhamthath,Estados Unidos,13.0,8.0,175.26,61.23,177.8,Ortodoxo,35.0,2.77,0.44,4.31,0.49,1.25,0.53,0.58,0.2
557,Bobby Moffett,Brasil,13.0,5.0,177.8,65.77,185.42,Ortodoxo,33.0,3.41,0.39,3.15,0.61,2.74,0.66,0.66,1.4
558,Yoshinori Horie,Estados Unidos,8.0,2.0,172.72,65.77,177.8,Ortodoxo,28.0,2.76,0.49,5.65,0.48,0.0,0.0,0.0,0.0
559,Sheymon Moraes,Estados Unidos,11.0,4.0,172.72,65.77,182.88,Ortodoxo,33.0,3.0,0.42,3.64,0.63,0.0,0.0,0.53,0.0
560,Dan Moret,Japón,13.0,6.0,182.88,70.31,185.42,Zurdo,37.0,2.67,0.43,3.56,0.43,1.25,0.27,0.45,0.4
561,Allen Crowder,Inglaterra,10.0,4.0,190.5,111.13,193.04,Ortodoxo,34.0,2.95,0.51,2.95,0.56,1.85,0.33,1.0,1.2
562,Jimi Manuwa,Estados Unidos,17.0,6.0,185.42,92.99,200.66,Ortodoxo,44.0,3.43,0.54,3.97,0.49,0.53,0.18,0.7,0.4
563,Sung Bin Jo,Alemania,9.0,1.0,182.88,65.77,182.88,Ortodoxo,31.0,1.4,0.33,2.67,0.51,1.0,0.33,0.83,1.0
564,Desmond Green,Estados Unidos,23.0,8.0,177.8,70.31,185.42,Zurdo,34.0,3.7,0.46,2.51,0.69,1.62,0.5,0.75,0.0
565,Talita Bernardo,Canadá,6.0,4.0,162.56,61.23,172.72,Ortodoxo,37.0,3.12,0.42,4.04,0.55,1.62,0.22,0.28,0.5
566,Mitch Gagnon,Brasil,12.0,5.0,165.1,61.23,165.1,Zurdo,39.0,2.76,0.46,2.21,0.61,1.16,0.25,0.65,1.9
567,Marcelo Golm,Japón,6.0,3.0,190.5,112.94,190.5,Ortodoxo,31.0,4.27,0.58,4.3,0.45,0.45,0.5,0.87,0.5
568,Sultan Aliev,Brasil,15.0,3.0,180.34,77.11,187.96,Ortodoxo,39.0,1.41,0.45,2.2,0.56,1.76,0.38,1.0,0.0
569,Curtis Millender,México,17.0,5.0,187.96,77.11,193.04,Ortodoxo,36.0,3.86,0.46,2.95,0.61,0.43,1.0,0.57,0.0
570,David Branch,Inglaterra,22.0,6.0,185.42,83.91,198.12,Ortodoxo,42.0,1.66,0.39,1.91,0.56,2.55,0.32,0.43,0.0
571,Tim Boetsch,Estados Unidos,21.0,13.0,182.88,83.91,187.96,Ortodoxo,43.0,2.93,0.5,2.9,0.57,1.45,0.34,0.59,0.8
572,Zak Ottow,Estados Unidos,17.0,7.0,180.34,77.11,182.88,Ortodoxo,37.0,2.63,0.36,2.73,0.58,0.97,0.29,0.57,0.4
573,Dustin Ortiz,Estados Unidos,19.0,8.0,165.1,56.7,165.1,Ortodoxo,35.0,2.94,0.44,2.17,0.56,3.01,0.36,0.52,0.1
574,Dennis Bermudez,Estados Unidos,17.0,9.0,167.64,70.31,167.64,Ortodoxo,37.0,4.42,0.46,3.07,0.59,3.89,0.4,0.82,1.1
575,Chris de la Rocha,Nueva Zelanda,5.0,3.0,190.5,113.4,203.2,Ortodoxo,44.0,4.08,0.45,6.37,0.43,2.02,0.3,0.33,1.0
576,Matthew Lopez,Japón,10.0,4.0,170.18,61.23,175.26,Zurdo,37.0,3.13,0.5,3.73,0.55,3.32,0.6,0.71,1.3
577,Amanda Cooper,Estados Unidos,3.0,5.0,160.02,52.16,162.56,Ambidiestro,32.0,3.55,0.44,3.2,0.51,1.53,0.38,0.28,1.8
578,Adam Wieczorek,Estados Unidos,10.0,2.0,195.58,113.4,205.74,Ortodoxo,32.0,1.68,0.38,1.87,0.48,0.41,0.33,0.58,0.4
579,Gray Maynard,Cuba,13.0,7.0,175.26,70.31,177.8,Ortodoxo,44.0,1.92,0.32,2.64,0.66,2.91,0.47,0.81,0.7
580,Khalid Murtazaliev,Estados Unidos,14.0,2.0,182.88,83.91,193.04,Ortodoxo,30.0,4.8,0.69,0.4,0.78,7.5,1.0,0.33,0.0
581,Jordan Johnson,Estados Unidos,10.0,0.0,187.96,92.99,200.66,Ortodoxo,35.0,3.45,0.47,2.64,0.53,3.25,0.42,1.0,1.2
582,Terrion Ware,Estados Unidos,17.0,9.0,172.72,61.23,180.34,Ortodoxo,37.0,4.02,0.32,6.07,0.5,0.5,0.22,0.44,0.0
583,Tim Williams,Estados Unidos,15.0,5.0,187.96,83.91,193.04,Ortodoxo,37.0,3.07,0.38,3.55,0.48,1.81,0.4,1.0,0.0
584,Jordan Mein,Estados Unidos,31.0,12.0,182.88,77.11,185.42,Ortodoxo,34.0,3.35,0.44,2.55,0.69,1.56,0.58,0.66,0.2
585,Jeremy Kimball,Estados Unidos,15.0,8.0,182.88,92.99,182.88,Ambidiestro,33.0,2.81,0.46,3.84,0.49,1.41,0.2,0.5,0.0
586,Sage Northcutt,Estados Unidos,11.0,2.0,182.88,77.11,180.34,Ortodoxo,28.0,3.58,0.52,1.96,0.58,1.81,0.34,0.41,0.6
587,Rolando Dy,Estados Unidos,9.0,7.0,172.72,65.77,175.26,Ortodoxo,33.0,3.04,0.37,4.47,0.52,0.3,0.2,0.68,0.0
588,Rashad Evans,España,19.0,8.0,182.88,92.99,190.5,Ortodoxo,44.0,2.14,0.37,2.42,0.63,2.98,0.44,0.73,0.0
589,Mike Santiago,México,19.0,12.0,177.8,65.77,175.26,Ortodoxo,34.0,3.44,0.49,3.58,0.36,2.66,0.5,0.53,1.1
590,Gleison Tibau,Brasil,33.0,14.0,177.8,70.31,180.34,Zurdo,40.0,1.95,0.31,2.51,0.63,4.08,0.53,0.92,0.8
591,Mads Burnell,Brasil,9.0,3.0,172.72,65.77,175.26,Ortodoxo,30.0,1.28,0.41,2.71,0.51,3.45,0.47,0.22,0.4
592,Daniel Kelly,Brasil,13.0,4.0,182.88,83.91,177.8,Zurdo,46.0,3.62,0.38,4.64,0.61,1.86,0.34,0.78,0.3
593,Felipe Silva,Estados Unidos,8.0,2.0,182.88,70.31,195.58,Ortodoxo,39.0,5.4,0.5,1.8,0.59,1.0,1.0,0.71,0.0
594,Vitor Belfort,Australia,26.0,14.0,182.88,83.91,187.96,Zurdo,46.0,1.59,0.46,2.83,0.5,1.02,0.6,0.53,0.6
595,Patrick Williams,Estados Unidos,8.0,6.0,172.72,61.23,185.42,Ortodoxo,42.0,4.12,0.51,4.12,0.52,2.71,0.41,1.0,0.5
596,Brian Camozzi,Estados Unidos,7.0,5.0,187.96,77.11,198.12,Ortodoxo,32.0,3.15,0.26,6.39,0.54,0.0,0.0,0.0,0.7
597,Juliana Lima,Brasil,9.0,5.0,165.1,52.16,165.1,Ortodoxo,42.0,1.94,0.44,2.11,0.55,1.72,0.31,0.7,0.0
598,Carls John De Tomas,Inglaterra,6.0,2.0,165.1,56.7,180.34,Zurdo,27.0,1.74,0.37,3.93,0.44,1.37,0.33,0.66,0.0
599,Christina Marks,Estados Unidos,8.0,9.0,170.18,56.7,175.26,Ortodoxo,38.0,5.0,0.58,3.0,0.64,7.5,1.0,0.0,0.0
600,Michael Bisping,Estados Unidos,30.0,9.0,185.42,83.91,190.5,Ortodoxo,45.0,4.33,0.38,2.71,0.65,1.05,0.43,0.63,0.3
601,Wang Guan,Estados Unidos,20.0,1.0,175.26,65.77,180.34,Ortodoxo,38.0,4.73,0.43,3.27,0.6,0.0,0.0,0.0,0.0
602,Bobby Nash,Estados Unidos,8.0,4.0,182.88,77.11,187.96,Ortodoxo,34.0,3.42,0.37,3.95,0.51,2.37,0.33,1.0,1.6
603,Bojan Velickovic,Canadá,15.0,6.0,182.88,77.11,193.04,Zurdo,35.0,2.18,0.34,2.31,0.57,0.67,0.25,0.55,0.5
604,Ashkan Mokhtarian,Estados Unidos,13.0,3.0,167.64,56.7,170.18,Zurdo,38.0,1.95,0.43,3.66,0.43,0.54,0.16,0.33,0.0
605,Marcel Fortuna,Japón,9.0,3.0,185.42,92.99,187.96,Ortodoxo,38.0,3.83,0.46,4.52,0.64,0.45,0.08,0.75,0.5
606,Jonathan Wilson,Brasil,7.0,3.0,187.96,92.99,190.5,Zurdo,36.0,2.92,0.48,5.65,0.56,0.37,1.0,0.8,0.0
607,Marco Beltran,México,8.0,6.0,172.72,56.7,175.26,Ortodoxo,37.0,2.07,0.37,1.93,0.63,0.7,0.5,0.46,0.2
608,Mitch Clarke,Estados Unidos,11.0,5.0,177.8,70.31,185.42,Ortodoxo,38.0,2.35,0.34,3.27,0.47,0.64,0.15,0.5,0.4
609,Bojan Mihajlovic,Estados Unidos,10.0,6.0,180.34,92.99,185.42,Ortodoxo,43.0,1.23,0.35,5.95,0.47,0.0,0.0,0.33,0.0
610,Hector Sandoval,Alemania,14.0,4.0,157.48,56.7,162.56,Ortodoxo,37.0,3.31,0.52,2.33,0.65,3.49,0.25,0.71,1.4
611,Frankie Perez,Corea del Sur,10.0,4.0,180.34,70.31,185.42,Ortodoxo,34.0,1.64,0.41,2.17,0.54,1.75,0.41,0.5,0.3
612,Chris Wade,Bélgica,12.0,3.0,177.8,70.31,177.8,Ortodoxo,36.0,1.7,0.53,1.75,0.51,2.6,0.51,0.55,1.1
613,Leslie Smith,Estados Unidos,10.0,7.0,175.26,61.23,167.64,Ortodoxo,41.0,7.56,0.4,8.41,0.51,0.0,0.0,0.62,0.0
614,Johnny Case,Estados Unidos,22.0,6.0,177.8,70.31,182.88,Ortodoxo,34.0,3.95,0.38,2.66,0.61,1.7,0.45,0.72,0.2
615,Josh Stansbury,Holanda,4.0,8.0,187.96,92.99,187.96,Ortodoxo,39.0,3.22,0.54,3.54,0.54,0.0,0.0,0.87,1.0
616,Rashid Magomedov,Estados Unidos,20.0,2.0,175.26,70.31,177.8,Ortodoxo,39.0,4.4,0.49,3.05,0.54,0.67,0.57,0.89,0.2
617,Viktor Pesta,Estados Unidos,10.0,4.0,190.5,108.86,195.58,Ortodoxo,33.0,1.58,0.36,2.54,0.56,3.29,0.28,1.0,0.0
618,Jocelyn Jones-Lybarger,Armenia,6.0,4.0,170.18,52.16,162.56,Ortodoxo,38.0,2.96,0.31,4.83,0.56,0.34,0.25,0.81,0.0
619,Cole Miller,Rusia,21.0,11.0,185.42,65.77,185.42,Ortodoxo,39.0,3.0,0.33,3.88,0.59,0.6,0.36,0.38,1.8
620,Tim Kennedy,Estados Unidos,18.0,6.0,180.34,83.91,187.96,Ortodoxo,44.0,2.78,0.47,1.84,0.62,2.58,0.35,0.7,0.7
621,Elvis Mutapcic,Costa Rica,15.0,6.0,182.88,83.91,182.88,Ortodoxo,37.0,3.41,0.4,4.27,0.38,0.0,0.0,0.81,0.0
622,Seo Hee Ham,Estados Unidos,17.0,8.0,157.48,52.16,157.48,Zurdo,37.0,4.2,0.39,5.15,0.61,0.0,0.0,0.66,0.2
623,Geane Herrera,Estados Unidos,9.0,3.0,165.1,56.7,167.64,Ortodoxo,33.0,1.51,0.31,5.07,0.52,0.83,0.37,0.38,0.6
624,Kyoji Horiguchi,Estados Unidos,19.0,2.0,165.1,56.7,167.64,Ortodoxo,33.0,3.6,0.45,2.45,0.62,2.0,0.44,0.55,0.0
625,Ali Bagautinov,Estados Unidos,15.0,6.0,162.56,56.7,165.1,Ortodoxo,38.0,2.85,0.42,3.09,0.52,2.51,0.36,0.65,0.3
626,Heather Clark,España,7.0,6.0,167.64,52.16,162.56,Ortodoxo,43.0,3.69,0.49,5.62,0.5,0.33,0.04,0.8,0.3
627,Lukasz Sajewski,Canadá,13.0,3.0,172.72,70.31,180.34,Ortodoxo,33.0,2.06,0.35,3.88,0.57,1.01,0.25,0.66,0.0
628,Antonio Silva,Estados Unidos,19.0,12.0,193.04,119.75,208.28,Ortodoxo,44.0,2.89,0.45,3.09,0.5,0.82,0.29,0.66,0.8
629,Kenny Robertson,Estados Unidos,15.0,5.0,177.8,77.11,187.96,Ortodoxo,40.0,3.72,0.47,3.02,0.52,1.37,0.26,0.57,0.8
630,Augusto Montano,Estados Unidos,15.0,3.0,185.42,77.11,185.42,Ortodoxo,39.0,3.46,0.46,2.66,0.56,0.0,0.0,0.66,0.0
631,Sean Spencer,Estados Unidos,12.0,6.0,177.8,77.11,187.96,Ortodoxo,36.0,4.24,0.32,4.02,0.6,0.14,0.33,0.68,0.0
632,Josh Barnett,Nueva Zelanda,35.0,8.0,190.5,113.4,198.12,Ortodoxo,46.0,3.2,0.5,2.11,0.57,1.26,0.55,0.55,1.4
633,Leandro Silva,Estados Unidos,20.0,6.0,175.26,70.31,182.88,Ortodoxo,38.0,2.39,0.48,2.08,0.63,1.76,0.37,0.65,0.4
634,Rick Story,Estados Unidos,19.0,9.0,175.26,77.11,180.34,Zurdo,39.0,3.8,0.41,2.17,0.62,2.53,0.48,0.63,0.9
635,Michael McDonald,Israel,17.0,4.0,175.26,61.23,177.8,Ortodoxo,33.0,2.69,0.42,2.76,0.57,1.09,0.66,0.52,1.4
636,Cody Pfister,Estados Unidos,13.0,6.0,177.8,70.31,185.42,Ortodoxo,33.0,1.41,0.25,2.8,0.51,2.82,0.3,0.0,0.0
637,Chris Beal,Australia,10.0,5.0,170.18,56.7,175.26,Ortodoxo,38.0,3.45,0.35,3.18,0.61,1.6,0.58,0.78,0.2
638,Yan Cabral,Estados Unidos,13.0,3.0,180.34,70.31,185.42,Ortodoxo,40.0,2.02,0.47,1.98,0.62,2.89,0.35,0.37,1.2
639,Dominic Waters,Japón,9.0,5.0,185.42,77.11,200.66,Ortodoxo,34.0,0.48,0.23,2.53,0.39,4.07,0.52,0.28,0.0
640,Chris Kelades,Estados Unidos,9.0,3.0,170.18,56.7,172.72,Ortodoxo,43.0,2.4,0.43,2.64,0.48,1.04,0.18,0.53,0.3
641,Tom Lawlor,Estados Unidos,10.0,6.0,182.88,92.99,187.96,Zurdo,40.0,2.5,0.42,2.41,0.6,2.46,0.32,0.57,1.4
642,Mike Wilkinson,Estados Unidos,9.0,4.0,170.18,65.77,167.64,Ortodoxo,36.0,2.35,0.38,3.7,0.35,0.92,0.14,0.55,0.9
643,Noad Lahat,Brasil,11.0,2.0,175.26,65.77,175.26,Ortodoxo,39.0,2.79,0.46,1.47,0.63,2.37,0.26,0.16,2.4
644,Matt Dwyer,Portugal,9.0,4.0,193.04,77.11,193.04,Ortodoxo,34.0,2.57,0.34,3.24,0.54,0.44,0.1,0.6,0.0
645,Matt Mitrione,Estados Unidos,12.0,5.0,190.5,120.2,208.28,Ambidiestro,45.0,3.55,0.5,2.79,0.64,0.0,0.0,0.55,0.7
646,Sarah Kaufman,Estados Unidos,18.0,4.0,165.1,61.23,167.64,Ortodoxo,38.0,6.65,0.46,4.0,0.62,0.38,0.57,0.81,0.0
647,Mike Pierce,Estados Unidos,17.0,7.0,172.72,77.11,180.34,Ortodoxo,43.0,2.62,0.42,2.36,0.62,3.08,0.42,0.71,0.2
648,Fabio Maldonado,Croacia,23.0,11.0,185.42,92.99,190.5,Ortodoxo,44.0,5.29,0.58,4.31,0.53,0.44,0.57,0.61,0.6
649,Shawn Jordan,Bulgaria,19.0,8.0,182.88,117.93,190.5,Zurdo,39.0,2.87,0.5,3.3,0.47,1.97,0.38,0.76,0.1
650,Clay Collard,Estados Unidos,14.0,7.0,180.34,65.77,185.42,Ortodoxo,31.0,4.22,0.32,5.0,0.5,2.81,0.39,0.71,0.5
651,Hugo Viana,Brasil,8.0,4.0,167.64,61.23,170.18,Ortodoxo,41.0,3.05,0.38,3.2,0.57,0.22,0.06,0.5,0.0
652,Ivan Jorge,Estados Unidos,27.0,7.0,175.26,70.31,185.42,Ortodoxo,43.0,3.41,0.49,2.91,0.59,1.56,0.16,0.75,0.6
653,Marcus Brimage,Estados Unidos,7.0,7.0,162.56,61.23,180.34,Zurdo,38.0,3.97,0.35,3.64,0.56,0.56,1.0,0.8,0.0
654,Yosdenis Cedeno,Estados Unidos,10.0,6.0,172.72,70.31,175.26,Ortodoxo,39.0,1.64,0.29,1.6,0.67,0.0,0.0,0.31,0.3
655,Levan Makashvili,México,15.0,2.0,172.72,65.77,172.72,Ortodoxo,35.0,2.87,0.54,2.07,0.61,3.67,0.42,0.85,0.0
656,Josh Sampo,Estados Unidos,11.0,5.0,162.56,56.7,162.56,Ortodoxo,39.0,1.99,0.36,2.96,0.55,1.06,0.33,0.4,2.1
657,Zhang Lipeng,Estados Unidos,23.0,9.0,180.34,70.31,180.34,Zurdo,34.0,1.28,0.48,1.88,0.53,1.75,0.3,0.69,0.8
658,Hatsu Hioki,Italia,29.0,10.0,180.34,65.77,185.42,Ortodoxo,40.0,2.42,0.42,2.12,0.65,2.55,0.56,0.54,0.6
659,Dylan Andrews,Australia,18.0,7.0,185.42,83.91,187.96,Ambidiestro,44.0,2.21,0.5,2.72,0.46,2.83,0.5,0.57,0.4
660,Chris Clements,Estados Unidos,12.0,6.0,177.8,77.11,177.8,Ortodoxo,48.0,3.2,0.49,2.37,0.44,0.0,0.0,0.32,0.3
661,Jimy Hettes,Brasil,11.0,3.0,175.26,65.77,180.34,Zurdo,36.0,3.47,0.57,3.5,0.57,5.2,0.44,0.61,1.4
662,Mirko Filipovic,Inglaterra,35.0,11.0,187.96,104.33,185.42,Zurdo,49.0,2.11,0.5,1.89,0.63,0.19,0.4,0.78,0.3
663,Josh Koscheck,Dinamarca,17.0,11.0,177.8,77.11,185.42,Ortodoxo,46.0,1.79,0.36,2.27,0.63,2.46,0.48,0.64,0.4
664,Andy Enz,Francia,10.0,4.0,190.5,83.91,198.12,Ortodoxo,32.0,3.51,0.23,5.32,0.57,0.0,0.0,0.58,0.0
665,Stanislav Nedkov,Panamá,12.0,2.0,180.34,92.99,180.34,Ortodoxo,42.0,3.33,0.43,5.39,0.43,2.77,0.41,0.0,0.0
666,Ernest Chavez,Estados Unidos,10.0,2.0,172.72,65.77,177.8,Ortodoxo,40.0,2.79,0.4,3.89,0.59,0.89,0.33,0.5,0.0
667,Amir Sadollah,Estados Unidos,6.0,5.0,177.8,77.11,190.5,Ortodoxo,43.0,4.71,0.46,3.55,0.6,0.57,0.27,0.6,0.3
668,Phil Harris,Estados Unidos,22.0,12.0,162.56,56.7,165.1,Ortodoxo,40.0,2.34,0.26,3.16,0.68,1.76,0.21,0.6,0.0
669,Renee Forte,Estados Unidos,8.0,4.0,170.18,70.31,180.34,Ortodoxo,37.0,2.08,0.32,2.12,0.63,2.32,0.58,0.66,0.0
670,Melvin Guillard,Polonia,32.0,18.0,175.26,70.31,180.34,Ortodoxo,40.0,2.96,0.4,1.85,0.66,1.3,0.63,0.61,0.2
671,Cody McKenzie,España,16.0,10.0,182.88,70.31,182.88,Ambidiestro,36.0,1.74,0.34,2.5,0.67,2.5,0.25,0.14,2.5
672,Roger Bowling,Estados Unidos,12.0,6.0,175.26,70.31,172.72,Ortodoxo,41.0,3.9,0.47,3.86,0.51,3.09,0.43,0.27,0.9
673,Alessio Sakara,Bolivia,19.0,11.0,182.88,83.91,182.88,Ortodoxo,42.0,3.96,0.47,2.8,0.59,2.18,0.78,0.62,0.0
674,Thiago Silva,Estados Unidos,19.0,6.0,187.96,92.99,187.96,Ortodoxo,41.0,3.92,0.5,2.55,0.67,1.03,0.47,0.7,0.7
675,David Mitchell,Estados Unidos,22.0,7.0,182.88,77.11,190.5,Ortodoxo,44.0,1.74,0.32,2.06,0.55,0.66,0.5,0.29,2.0
676,Brandon Vera,Estados Unidos,15.0,7.0,190.5,104.33,198.12,Ortodoxo,46.0,3.03,0.56,2.81,0.52,0.7,0.53,0.59,0.2
677,Martin Kampmann,Holanda,20.0,7.0,182.88,77.11,182.88,Ortodoxo,41.0,3.22,0.42,3.28,0.62,1.86,0.41,0.78,2.0
678,James Head,Estados Unidos,9.0,4.0,185.42,77.11,185.42,Ortodoxo,40.0,2.75,0.48,3.11,0.49,0.41,1.0,0.66,0.8
679,John Albert,Estados Unidos,6.0,5.0,172.72,61.23,172.72,Ortodoxo,37.0,3.05,0.49,2.82,0.35,0.0,0.0,0.5,6.1
680,Roger Gracie,Estados Unidos,8.0,2.0,193.04,83.91,200.66,Ortodoxo,42.0,1.78,0.35,1.79,0.61,1.87,0.53,0.6,1.9
681,Karlos Vemola,Estados Unidos,17.0,5.0,182.88,83.91,190.5,Ortodoxo,38.0,1.67,0.44,2.13,0.37,1.93,0.25,0.31,1.7
682,John Cholish,Inglaterra,8.0,3.0,180.34,70.31,187.96,Ortodoxo,40.0,2.65,0.49,2.29,0.73,1.82,0.31,0.78,0.4
683,Brian Stann,Estados Unidos,12.0,6.0,185.42,92.99,187.96,Ortodoxo,43.0,3.28,0.42,2.65,0.59,0.12,0.12,0.6,0.3
684,Riki Fukuda,Estados Unidos,24.0,9.0,182.88,83.91,185.42,Zurdo,43.0,4.24,0.43,3.71,0.64,2.17,0.43,0.7,0.0
685,Paul Sass,Perú,14.0,2.0,182.88,70.31,185.42,Ortodoxo,35.0,0.53,0.26,1.9,0.51,0.53,0.16,0.33,7.4
686,Chad Griggs,Estados Unidos,11.0,3.0,185.42,92.99,185.42,Ortodoxo,45.0,2.67,0.5,2.22,0.46,1.51,0.66,0.41,0.0
687,Matthew Riddle,Estados Unidos,8.0,3.0,185.42,77.11,193.04,Zurdo,38.0,3.01,0.42,2.74,0.54,3.51,0.5,0.89,0.5
688,Rich Franklin,Estados Unidos,29.0,7.0,185.42,83.91,193.04,Zurdo,49.0,4.1,0.44,2.07,0.62,1.31,0.66,0.63,0.7
689,Zhang Tiequan,Perú,15.0,4.0,172.72,70.31,175.26,Ortodoxo,45.0,1.23,0.36,2.14,0.51,1.95,0.58,0.75,3.4
690,Stephan Bonnar,Estados Unidos,15.0,9.0,193.04,92.99,200.66,Ortodoxo,46.0,2.76,0.38,3.01,0.52,1.32,0.4,0.6,1.0
691,Aaron Simpson,Estados Unidos,12.0,5.0,182.88,77.11,185.42,Ortodoxo,49.0,3.6,0.52,2.53,0.56,3.78,0.34,0.83,0.5
692,Carlo Prater,Estados Unidos,31.0,18.0,180.34,70.31,182.88,Ambidiestro,42.0,2.03,0.47,4.07,0.35,0.43,0.09,0.57,1.7
693,DaMarques Johnson,Estados Unidos,15.0,15.0,185.42,77.11,190.5,Ortodoxo,41.0,2.11,0.37,3.75,0.51,1.18,0.55,0.19,0.7
